/*
Navicat MySQL Data Transfer

Source Server         : aa
Source Server Version : 50516
Source Host           : localhost:3306
Source Database       : test

Target Server Type    : MYSQL
Target Server Version : 50516
File Encoding         : 65001

Date: 2020-04-07 19:37:09
*/

SET FOREIGN_KEY_CHECKS=0;

-- ----------------------------
-- Table structure for `autumncollection`
-- ----------------------------
DROP TABLE IF EXISTS `autumncollection`;
CREATE TABLE `autumncollection` (
  `userId` int(30) NOT NULL,
  `collectId` int(30) NOT NULL,
  PRIMARY KEY (`collectId`)
) ENGINE=InnoDB DEFAULT CHARSET=latin1;

-- ----------------------------
-- Records of autumncollection
-- ----------------------------

-- ----------------------------
-- Table structure for `autumncomment`
-- ----------------------------
DROP TABLE IF EXISTS `autumncomment`;
CREATE TABLE `autumncomment` (
  `userId` int(30) NOT NULL,
  `menuId` int(30) NOT NULL,
  `comment` varchar(500) CHARACTER SET utf8 NOT NULL,
  `commentId` int(30) NOT NULL AUTO_INCREMENT,
  PRIMARY KEY (`commentId`)
) ENGINE=InnoDB DEFAULT CHARSET=latin1;

-- ----------------------------
-- Records of autumncomment
-- ----------------------------

-- ----------------------------
-- Table structure for `autumnmenu`
-- ----------------------------
DROP TABLE IF EXISTS `autumnmenu`;
CREATE TABLE `autumnmenu` (
  `menuId` int(20) NOT NULL AUTO_INCREMENT,
  `menuName` varchar(40) CHARACTER SET utf8 NOT NULL,
  `menuMaterial` varchar(300) CHARACTER SET utf8 NOT NULL,
  `menuContent` varchar(1500) CHARACTER SET utf8 NOT NULL,
  `pic` varchar(60) NOT NULL,
  `userId` int(20) DEFAULT NULL,
  `type` int(10) DEFAULT NULL,
  PRIMARY KEY (`menuId`)
) ENGINE=InnoDB AUTO_INCREMENT=30 DEFAULT CHARSET=latin1;

-- ----------------------------
-- Records of autumnmenu
-- ----------------------------
INSERT INTO `autumnmenu` VALUES ('1', '秋葵炒虾仁', '主料:虾200克,黄秋葵200克 辅料:大葱1根,生姜1块,白胡椒粉1勺,大蒜3瓣,盐3克,姜汁酒1勺,生抽1勺', '1.大蒜切片，大葱切段，生姜切末。2.在虾肉中加入一大勺姜汁酒和少许白胡椒粉抓拌均匀。3.秋葵洗净后去蒂改刀成段。4.锅内放少许橄榄油，下入葱姜蒜末爆香。5.下入腌好的虾仁翻炒。6.炒至虾仁变色后调入一勺生抽。7.下入秋葵快速翻炒。8.调入2克盐。9.出锅前淋入一小勺姜汁酒爆香后出锅即可。', '/autumnimages/img1.png', null, '3');
INSERT INTO `autumnmenu` VALUES ('2', '豆腐鲫鱼汤', '主料:姜片适量,鲫鱼1条,葱段适量,嫩豆腐250克 辅料:油适量,水750毫升,料酒3克,胡椒粉1克,鸡粉5克,盐3克', '1.锅中倒油，翻入姜片，放入鲫鱼，小火慢煎，煎至金黄后翻面。2.锅中倒750ml水煮沸，倒入煎好的鱼。3.加入姜片、葱段、料酒3g、胡椒粉1g、鸡粉5g、盐3g、嫩豆腐250g。4.大火煮沸转至中火，加盖炖煮15分钟。5.出锅，完成。', '/autumnimages/img2.png', null, '3');
INSERT INTO `autumnmenu` VALUES ('3', '萝卜排骨汤', '主料:排骨860克,红萝卜780克 辅料:葱叶适量,姜片6片,料酒适量,食盐4小勺,枸杞少许', '1.排骨焯水捞出，用温水洗净浮沫。2.煮锅置火上，放足量的水，放入焯过水的排骨，加入葱段姜片。3.大火烧沸后，盖上盖子改中小炖煮4.煮排骨的时候处理白萝卜，白萝卜去皮切成滚刀块。5.排骨大约煮40钟，放入切好的白萝卜，继续中小火煮制。6.煮至白萝卜熟透，加入适量食盐、胡椒粉即可关火。', '/autumnimages/img3.png', null, '3');
INSERT INTO `autumnmenu` VALUES ('4', '鸡腿炖土豆', '主料:鸡腿5个,土豆200克 辅料:食盐3克,大葱1根,水适量,姜片3片,花椒8颗,老抽5毫升,冰糖3块,料酒1勺,小尖椒2个', '1.准备好鸡腿，土豆和辅料，土豆切成土豆块，鸡腿热水焯一下。2.锅中放油，将冰糖放进油中融化。3.冰糖完全融化。4.鸡腿倒进冰糖中翻炒，直至完全上色。5.将辅料倒进锅中翻炒，加入老抽和料酒。6.大火翻炒，直至鸡腿上色均匀。7.锅中加入热水煮沸，再关小火炖1个小时。8.鸡腿炖熟后加入土豆，放入盐，等土豆熟了就可以出锅了。', '/autumnimages/img4.png', null, '3');
INSERT INTO `autumnmenu` VALUES ('5', '啤酒五花肉', '主料:五花肉1块,啤酒1罐,鸡蛋2个,葱适量 辅料:姜适量,料酒适量,八角适量,干辣椒适量,老抽1勺,盐2勺', '1.五花肉切小块。2.冷水下锅，放入葱、姜、料酒去腥，捞出后凉水洗净，鸡蛋煮熟剥皮开小口。3.锅中无油无水，放入五花肉煸出油。4.锅中放一勺蜂蜜，炒至焦糖色，放八角、姜片、干辣椒、一勺老抽，放五花肉炒香。5.倒入1罐啤酒，加1勺盐，放入鸡蛋，大火慢炖至收汁，最后盛出撒上葱花即可。', '/autumnimages/img5.png', null, '3');
INSERT INTO `autumnmenu` VALUES ('6', '红萝卜玉米排骨汤', '主料:肋排500克,胡萝卜1根,甜玉米1根 辅料:盐适量,香葱少许,清水适量', '1.准备好排骨洗净。2.锅加水，放入排骨。3.焯水煮一下。4.捞出排骨。5.准备好萝卜和玉米。6.准备点红枣和姜。7.玉米和萝卜洗净切块。8.锅加水，放入排骨，红枣和姜片。9.放入玉米和萝卜。10.煲煮50分钟，加盐调味。11.盛碗。', '/autumnimages/img6.png', null, '3');
INSERT INTO `autumnmenu` VALUES ('7', '风林茄子', '主料:茄子250克 辅料:蒜5克,香菜1根,干辣椒2克,花椒1克,葱15克,白砂糖50克,陈醋40克,生抽5克,盐2克,淀粉120克', '1.蒜切末，香菜切段，茄子切块。2.倒入茄子，加入淀粉，搅拌均匀。3.锅中倒油，油温烧至五成熟加入茄子，炸至金黄。4.锅中倒油，加入花椒，干辣椒，葱段，大火爆香。5.加入陈醋，白砂糖，生抽，盐翻炒均匀。6.加入茄子，香菜，翻炒均匀。', '/autumnimages/img7.png', null, '3');
INSERT INTO `autumnmenu` VALUES ('8', '香辣排骨', '主料:小肋排800克 辅料:盐适量,玉米淀粉适量,料酒适量,生抽适量,葱姜蒜适量,绵白糖适量,黑胡椒碎适量,干红辣椒6个,花生油适量,去皮熟花生米适量', '1.排骨清水煮开、洗干净。2.准备一些姜和蒜。3.油热煸炒一下。4.然后下排骨炒一下。5.把辣椒放进去继续炒。6.下料酒、老抽、生抽适量！翻炒一下。7.加水没过排骨。8.煮开之后加入盐味精和白糖调味、转中火炖着、大概二十分钟左右。9.汤快干的时候把葱白放进去、放得早的话会煮烂掉、所以这时候正好。10.小火收汁、翻炒过后颜色已经很好看了。11.出锅后撒一点香菜和葱、非常的香。喜欢吃辣的话辣椒可以多放。', '/autumnimages/img8.png', null, '3');
INSERT INTO `autumnmenu` VALUES ('9', '辣子鸡', '主料:鸡腿500克,辣椒酱500克 辅料:姜1小块,大葱1段,盐适量', '1.放入鸡肉、加料酒、生抽、胡椒粉、盐，搅拌均匀，腌制30分钟。2.倒入食用油、姜丝、花椒，鸡块。3.小火煎至鸡肉变色。4.倒入大蒜、干辣椒、辣椒圈。5.翻炒均匀。', '/autumnimages/img9.png', null, '3');
INSERT INTO `autumnmenu` VALUES ('10', '豆角茄子煲', '主料：豆角200g，茄子200g，猪肉50g 调料：食盐适量，葱适量，姜适量，蒜适量，料酒适量，蚝油1勺，甜面酱2勺，调和油适量，花椒粉适量', '1.大茄子去皮切条，撒少量盐抓匀腌制片刻，炒之前去掉水分。2.豆腐煎至两面金黄，摆入浅沙煲底层。3.留底油炒熟茄子，盛到豆腐上。4.热油炒香葱姜蒜末，加入肉末炒至变色。5.加入豆瓣酱炒出红油，翻炒均匀，加入生抽、蚝油、白糖、十三香。6.翻炒均匀倒入青红椒碎，倒入适量水淀粉，翻炒均匀。7.浇在豆腐茄子上，盖盖焖三分钟，即可开吃。', '/autumnimages/img10.png', null, '3');
INSERT INTO `autumnmenu` VALUES ('11', '麻婆豆腐', '主料：豆腐500克 辅料：油一勺，盐一撮，肉末150克，豆瓣酱30克，花椒8克，葱姜末少许', '1.卤水豆腐洗净，切约1.5cm见方小块，盐水浸泡备用。2.大蒜、生姜，大葱切末，郫县豆瓣剁碎，蒜苗切末。我这次偷懒用的是牛肉酱，有点牛肉味即可。3.油烧7分热，下葱姜蒜末炒出香味，下牛肉酱划开炒匀，下郫县豆瓣满满炒出红油，加白糖调味。4.豆腐沥水下锅，炒匀，加入鸡汤，大火烧开盖上盖转中小火烧2-3分钟。淀粉加少许水调匀。5.下水淀粉勾芡，撒花椒粉、青蒜末炒匀，完成。', '/autumnimages/img11.png', null, '3');
INSERT INTO `autumnmenu` VALUES ('12', '土豆烧牛肉', '主料：牛肉500克，土豆1个 辅料：葱段半根，姜3片，蒜2粒，干红辣椒3个，八角1个，老抽一汤匙，生抽1汤匙，盐少许，砂糖少许', '1.将主料 辅料所以材料切好备用。2.切好的牛肉冷水锅加料酒炒掉血水。3.土豆切块 焯水的牛肉 盛盘备用。4.起锅热油 将白砂糖放入锅中炒出颜色。5.糖炒出颜色倒入牛肉 生抽 老抽 翻炒至颜色均匀后加入葱 姜 蒜 八角 辣椒 继续翻炒出香味。6.炒好的牛肉倒入高压锅或者电压力锅中添水 定时30分钟 即可。7.将准备好的土豆块 炖好的牛肉 倒入炖锅中 加少许盐 慢火炖15分钟左右 这一步是为了让土豆和牛肉的味道融合。8.炖好的牛肉盛盘即可食用。', '/autumnimages/img12.png', null, '3');
INSERT INTO `autumnmenu` VALUES ('13', '乌鸡汤', '主料：乌鸡1只 辅料：姜5克，葱5克，料酒5克，桂圆2个，红枣2个，黄芪3克，白芍2克，党参3克，当归2克，枸杞5克，盐2克', '1.乌鸡剁成块。2.冷水下锅，焯水，打去浮沫，倒入高压锅。3.放入姜，红枣，党参，盐，水，高压锅上气5分钟。4.泡点枸杞，煮好倒入铁盆，放入枸杞，切点葱花，开火煮，碗中放入葱花，煮好盛入碗中。', '/autumnimages/img13.png', null, '3');
INSERT INTO `autumnmenu` VALUES ('14', '西芹百合炒腰果', '主料：百合50克，西芹100克，腰果60克 辅料：盐5克，鸡粉3克，植物油2汤匙', '1.主料准备好；百合去头尾，掰成瓣，西芹切小片。2.将西芹和百合焯水后迅速捞起，泡在冷水中备用；锅里放适量油，烧至温热后放入腰果。3.用小火煎炸至腰果金黄酥脆后捞出，放凉备用，锅里留油；将西芹百合捞出控干，放入油锅里大火翻炒30秒左右。4.放入放凉后的腰果；调入适量盐和鸡粉即可关火出锅。', '/autumnimages/img14.png', null, '3');
INSERT INTO `autumnmenu` VALUES ('15', '西红柿炒鸡蛋', '主料：西红柿1个，鸡蛋3个 辅料：植物油10克，食盐3克，小葱两棵', '1.将鸡蛋入碗中，用筷子搅散。番茄洗净去蒂，切成小块备用。2.锅中放油烧至七成热时，将蛋液倒入锅中，在锅中快速搅打炒成蓬松的炒鸡蛋并盛出。3.锅中重新放油烧至五成热，先将葱花放入爆香。4.将番茄块倒入，大火翻炒1分钟，放入盐、鸡精、糖调味，搅拌均匀；加入鸡精让这道番茄炒蛋滋味更加鲜美，让人食欲大开。5.最后放入炒好的鸡蛋，炒匀即可盛出。', '/autumnimages/img15.png', null, '3');
INSERT INTO `autumnmenu` VALUES ('16', '栗子红烧肉', '主料：五花肉250克，栗子(鲜)250克 辅料：姜10克，蒜50克，生抽30毫升，老抽15毫升，料酒15毫升，细砂糖20克，食盐适量，植物油适量', '1.五花肉和冷水一起放进煮锅里，焯水，冲洗掉油脂，再把五花肉切块。2.炒锅放入1汤匙植物油，加入冰糖，用小火熔化。3.加入五花肉块。4.将五花肉块裹上琥珀色冰糖。5.加入生抽、老抽和料酒，炒匀。6.再放入姜和蒜，炒出香味。\r7.加入没过五花肉的开水，大火烧开后转小火焖60分钟。8.五花肉焖煮期间，当汤汁剩下三分之一时加入栗子，拌匀后继续焖。9.汤汁所剩无几时盛起，撒上葱粒即可。', '/autumnimages/img16.png', null, '3');
INSERT INTO `autumnmenu` VALUES ('17', '洋葱炒牛肉', '主料：牛肉500克，胡萝卜100克，洋葱100克 辅料：盐1克，料酒20毫升，胡椒粉1克，鸡蛋清20克，淀粉30克，亚麻籽油20毫升，姜蒜30克，生抽20毫升，香葱20克', '1.准备蒜末5g，洋葱100g切块，猪瘦肉200g切片。2.碗中倒入猪肉片，倒入生抽5g，淀粉5g、倒入蒜末拌匀，腌制20分钟。3.起锅放入油5ml，倒入猪肉片翻炒至变色。4.倒入老抽1g，生抽3g，翻炒均匀后倒入洋葱。5.加入盐1g，翻炒均匀即可出锅。', '/autumnimages/img17.png', null, '3');
INSERT INTO `autumnmenu` VALUES ('18', '水煮鱼', '主料：鸡蛋1个，草鱼片500克，姜片适量，黄豆芽100克 辅料：淀粉5克，食用油5毫升，郫县豆瓣酱15克，水500毫升\r', '1.打一个蛋清，准备草鱼片500g，倒入蛋清，加入淀粉5g，搅拌均匀。2.锅中热油5ml，倒入适量姜片，郫县豆瓣酱15g，炒出红油。3.锅中倒入500ml水，倒入100g黄豆芽，大火煮沸。4.倒入鱼片，继续煮。5.煮沸后出锅。\r', '/autumnimages/img18.png', null, '3');
INSERT INTO `autumnmenu` VALUES ('19', '蛋焖排骨', '主料：小肋排 1000克 ，鸡蛋 10个 辅料：葱 姜 酱油 糖 料酒 盐', '1.先煮好几个白水蛋待凉透剥去壳备用；排骨，姜片，干辣椒，冰糖。2.锅里放油，油温稍稍起来就放冰糖和姜片，小火，待冰糖化掉成焦糖，放入排骨翻炒，均匀的裹上糖色。3.然后放入适量酱油，料酒，干辣椒，加入水（水刚没过排骨即可）大火烧开，中火烧20分钟。4.然后鸡蛋上划几个口子，便于入味，放入锅中一起烧，不用盖锅盖。5.待汤汁收干，即可起锅；如果觉得味道不够，可以根据自己口味再适量加盐和鸡精。', '/autumnimages/img19.png', null, '3');
INSERT INTO `autumnmenu` VALUES ('20', '咖喱鸡块', '主料：鸡胸肉300克，红皮洋葱300克，土豆300克，胡萝卜100克，青椒50克 辅料：咖喱块50克，料酒15克，玉米油30克，水400毫升', '1.鸡胸肉清洗干净，放冰箱冷冻半小时变硬些，切成2cm见方的小块；洋葱、土豆、胡萝卜和青椒分别洗净切2cm左右的块。2.热锅放入玉米油，放入鸡胸块、洋葱、土豆和胡萝卜翻炒至鸡肉变色，放入料酒烹香。3.加入400g水中火烧制10分钟左右，至土豆和鸡肉变得软烂。4.转小火，放入咖喱块，搅拌至完全融化，再炖煮5分钟左右至咖喱呈稠糊状鸡肉入味即可。', '/autumnimages/img20.png', null, '3');
INSERT INTO `autumnmenu` VALUES ('21', '蘑菇炒鸡肉', '主料：蘑菇150克，鸡肉100克 辅料：料酒4克，盐2克，生抽4克，鸡精1克', '1.鸡肉切成条。2.然后加料酒，生抽淀粉抓匀腌15分钟。3.蘑菇洗干净切成片。4.锅里倒入油倒入腌好的鸡肉炒匀。5.快速炒散，炒至鸡肉白。6.然后加入蘑菇翻炒。7.加入盐炒匀，炒至蘑菇软。8.加入生抽大火不停的翻炒。9.炒至入味后加点鸡精炒会即可。10.炒好装盘。', '/autumnimages/img21.png', null, '3');
INSERT INTO `autumnmenu` VALUES ('22', '西兰花炒虾仁', '主料：西兰花300克，虾仁适量 辅料：姜片3克，料酒3毫升，食用油5毫升，鸡粉2克盐，2克水，淀粉5克', '1.准备好食材。2.准备姜片，西蓝花。3.加入食用油，姜片，大火，虾仁，煸炒。4.锅中倒入料酒，西蓝花，翻炒。5.加入鸡粉，盐，翻炒。6.倒入水淀粉，翻炒即可。\r', '/autumnimages/img22.png', null, '3');
INSERT INTO `autumnmenu` VALUES ('23', '豆角炖排骨', '主料：排骨500克，豆角50克 辅料：生姜5克，大葱10克，蒜末5克，食用油5毫升，八角2克，生抽3克，料酒5克，水500毫升', '1.排骨洗干净砍成小块，冷水下锅，放姜片、香葱段、部分料酒煮出血水捞出控干。2.豆角择取筋，清洗干净，切成寸段，备用。3.锅里放油烧至五成热，放入姜片爆香后，将焯好的排骨倒入锅中炒匀。4.向锅中加入酱油、料酒、白糖炒匀后，倒入清水没过排骨。5.锅中加入家乐猪骨汤口味浓汤宝，煮沸。6.将豆角倒入锅中，大火煮开后，小火焖20分钟左右。7.打开锅盖，继续用大火收汁至浓稠，汤汁有层层拉丝的感觉；将收好汁的排骨炖豆角倒入盘中即可。', '/autumnimages/img23.png', null, '3');
INSERT INTO `autumnmenu` VALUES ('24', '猪肚鸡', '主料：猪肚1整个，三黄鸡1整只，生花生1把，纯牛奶100毫升 辅料：香叶、八角、大葱、姜片、枸杞3片，花椒2撮，桂皮1小截，白胡椒粉1调料勺', '1.准备好食材。2.鸡腿1个，冷水下锅，加入料酒5克、姜片8克。3.焯水去腥去血沫。4.将清水加入锅中，放入鸡腿，猪肚条150克、红枣2个、当归3片、党参2克、黄芪2克、枸杞2克，搅拌均匀。5.继续加入清水，白胡椒粉0.5克，花椒粉0.5克，小火煲2小时。6.加入纯牛奶，继续煲15分钟即可出锅。', '/autumnimages/img24.png', null, '3');
INSERT INTO `autumnmenu` VALUES ('25', '芹菜炒鸡丝', '主料：鸡肉120克，芹菜130克 辅料：葱1根，姜2片，蒜2瓣，番茄1/2个，盐1/3勺，酱油1/2勺，生粉1/3勺，鸡粉1/4勺', '1.准备食材：青菜斜切小段。2.水焯一下芹菜。3.鸡肉切丝，调入料酒、胡椒粉、盐、生粉腌制。4.热锅冷油，放入鸡丝快速滑炒。5.炒至鸡丝变色出锅备用。6.底油，放入葱、姜、蒜、花椒粉、番茄块，炒出香味。7.放入芹菜翻炒。8.放入鸡丝翻炒。9.调入酱油、盐、鸡粉翻炒出锅。', '/autumnimages/img25.png', null, '3');
INSERT INTO `autumnmenu` VALUES ('26', '清蒸鲈鱼', '主料：鲈鱼1条 辅料：大葱白1根，姜适量，大蒜2瓣，白糖1茶匙，料酒1大勺，香油适量，植物油2大勺，酱油2勺', '1.鲈鱼清洗干净，用厨房纸吸去水份。2.两面花刀，秣上细盐，肚子里面也要抹上。淋上蒸鱼油抹均匀。3.葱切段姜切片。4.摆在盘子里面。5.放上腌好的鱼，鱼肚中可以放上葱和姜。6.水开后上锅，蒸10分钟。虚蒸三分钟。7.出锅。将鱼换一下盘子，或者将汤汁倒出来。8.将汤汁慢慢的烧在鱼身上。9.另起一小锅，将一勺油烧热，浇在鱼身上。放上藿香，上桌就可以了。', '/autumnimages/img26.png', null, '3');
INSERT INTO `autumnmenu` VALUES ('27', '小鸡炖蘑菇', '主料:鸡半只,干磨菇50克 辅料:料酒1汤勺,老抽1汤匙,桂皮1小块,八角3个,盐1小勺,食用油2汤匙,大蒜1根,姜3片', '1.将三黄鸡斩件，泡净血水备用；干香菇用温水泡发，洗净备用。2.三黄鸡放入水中，大火烧开，撇去浮沫后捞出，洗净备用。3.锅中放油烧热，煸香葱段、姜块、八角、香叶，然后将鸡放入煸炒至变色，加入料酒、酱油翻炒均匀。4.加入清水，放入干香菇炖煮，加入家乐浓汤宝炆炖专用。5.家乐浓汤宝炆炖专用溶成浓醇高汤，渗入食材，大火烧开后转小火炖至汤汁收浓，最后撒白胡椒粉提香即可。', '/autumnimages/img27.png', null, '3');
INSERT INTO `autumnmenu` VALUES ('28', '东坡肉', '五花肉', '蒸煮炒', '/autumnimages/1585476027463.png', '3', '3');
INSERT INTO `autumnmenu` VALUES ('29', '6666', '666', '666', '/autumnimages/1585621731290.png', '3', '3');

-- ----------------------------
-- Table structure for `healthydiet`
-- ----------------------------
DROP TABLE IF EXISTS `healthydiet`;
CREATE TABLE `healthydiet` (
  `menuId` int(20) NOT NULL,
  `menuName` varchar(40) CHARACTER SET utf8 NOT NULL,
  `menuEffect` varchar(1200) CHARACTER SET utf8 NOT NULL,
  `menuMaterial` varchar(300) CHARACTER SET utf8 NOT NULL,
  `menuContent` varchar(1500) CHARACTER SET utf8 NOT NULL,
  `pic` varchar(60) DEFAULT NULL,
  PRIMARY KEY (`menuId`)
) ENGINE=InnoDB DEFAULT CHARSET=latin1;

-- ----------------------------
-- Records of healthydiet
-- ----------------------------
INSERT INTO `healthydiet` VALUES ('1', '姜撞奶', '姜撞奶可以去除身体的寒气，还具有很好的暖胃的功效，所以胃寒和体虚怕冷的人喝姜撞奶很好，它可以补血补气，长期食用的话还有很好的美容和养颜的效果，还可以帮助人提高睡眠质量，增加身体的抵抗力。', '主料:老姜1大块,牛奶250毫升  辅料:砂糖20克', '1.准备好材料。2.姜去皮，剁成姜茸。3.把剁好的姜茸放进纱布挤出姜汁，姜汁约15ml就够了。4.牛奶倒入奶锅中，加入砂糖。5.中小火煮至微开，锅边起小泡泡就可，熄火放置稍晾凉。6.待温度降至70度左右时，倒入装着姜汁的碗中，并盖上碗盖。7.不要搅动或摇晃碗，静止一会就可凝结。8.甜中带点微辣，口感非常滑嫩。', 'healthydiet/img1.jpeg');
INSERT INTO `healthydiet` VALUES ('2', '秋葵培根卷', '秋葵含有果胶、牛乳聚糖等，具有帮助消化、治疗胃炎和胃溃疡、保护皮肤和胃黏膜之功效，被誉为人类最佳的保健蔬菜之一。其含有铁、钙及糖类等多种营养成分，有预防贫血的效果。它分泌的黏蛋白有保护胃壁的作用，并促进胃液分泌，提高食欲，改善消化不良等症。含有维生素A，有益于视网膜健康、维护视力。', '主料：培根、秋葵适量 辅料:蒜蓉酱、番茄酱适量', '1.开水中加入盐，倒入秋葵煮1分钟。2.捞出凉水中浸泡。3.去蒂后对半切开。4.蒜蓉酱、番茄酱加入清水调匀。5.培根对半切开，卷起秋葵用牙签固定。6.小火将培根煎至金黄。7.淋上酱汁即可。8.荤素搭配的组合颇受好评，放入口中，秋葵吸收了培根的肉香，一软一脆的搭配口感非常丰富。', 'healthydiet/img2.jpg');
INSERT INTO `healthydiet` VALUES ('3', ' 羊肉团圆炒饭', '羊肉比猪肉的肉质要细嫩，而且比猪肉和牛肉的脂肪、胆固醇含量都要少。相对猪肉而言，羊肉蛋白质含量较多，脂肪含量较少。维生素B1、B2、B6以及铁、锌、硒的含量颇为丰富。此外，羊肉肉质细嫩，容易消化吸收，多吃羊肉有助于提高身体免疫力。羊肉热量比牛肉要高，历来被当做秋冬御寒和进补的重要食品之一。', '主料:羊肉80克,米饭150克 辅料:油5克,盐2克,蒜5克,生抽5克,淀粉8克', '1.羊肉切条后，放入淀粉抓匀。2.锅里倒入油，放入羊肉，用筷子挑散。3.炒至表面变色。4.将焖好的米饭拨松散。5.倒入油，入蒜片爆香。6.放入胡萝卜丝翻炒。7.加入米饭拌匀。8.放入菠菜。9.放入之前炒好的羊肉。10.加入生抽和盐。11.翻炒均匀。', 'healthydiet/img3.jpg');
INSERT INTO `healthydiet` VALUES ('4', '核桃红豆糯米糊', '核桃含有丰富的不饱脂肪酸，能减少肠道对胆固醇的吸收，核桃含有大量的脂肪，能润肠，治疗大便秘结，可使消瘦的人增重。核桃还含有丰富的维生素B族和维生素E，可以细胞老化，有健脑，增强记忆力和延缓衰老的作用。红豆有较多的膳食纤维，具有良好的润肠通便、降血压、降血脂、调节血糖、解毒抗癌、预防结石、健美减肥的作用。', '主料:红豆100克,加州核桃30克,糯米30克 辅料:红糖20克,水1200毫升', '1.将红豆和糯米提前一晚浸泡。2.浸泡了一晚的红豆和糯米，红豆明显发涨。3.将红豆和糯米浸泡的水去掉，和核桃一起洗净。4.将红豆、糯米、核桃和水一起放在锅里盖上盖子，煮沸后转中小火煮30分钟。5.煮好的核桃红豆糯米粥。6.将煮好的核桃红豆糯米粥放进料理机里搅拌。7.搅拌好的核桃红豆糯米糊倒进碗里。', 'healthydiet/img4.png');
INSERT INTO `healthydiet` VALUES ('5', '白灼虾', '虾具有补肾壮阳，通乳，托毒之功效，用于肾虚阳痿，产妇乳少，麻疹透发不畅，阴疽，恶核，丹毒，臁疮。', '主料:虾250克,蒜5克,姜5克 辅料:葱1克,料酒5克,盐2克', '1.海捕虾去虾线，准备葱末、姜末。2.加料酒，盐，倒入虾，大火煮至变色。3.锅中倒油，炒白灼酱料。4.倒入蒜末，姜末，葱末，大火爆香。5.倒入白砂糖，生抽，搅拌均匀。6.虾摆盘，倒入白灼酱料。', 'healthydiet/img5.jpg');
INSERT INTO `healthydiet` VALUES ('6', '培根香菜卷', '香菜性温，味辛，具有发汗透疹、消食下气、醒脾和中之功效，主治麻疹初期透出不畅、食物积滞、胃口不开、脱肛等病症。香菜辛香升散，能促进胃肠蠕动，有助于开胃醒脾，调和中焦；香菜提取具有显著的发汗清热透疹的功能，其特殊香味能刺激汗腺分泌，促使机体发汗，透疹。', '主料:培根（美式培根）4片,香菜2颗 辅料:现磨黑胡椒粉1克,孜然粉1克', '1.培根洗净后，每两根卷成长短一致的香菜卷；香菜卷的长度同培根的宽度一致。2.将培根拦腰切断。3.一片培根上，放上香菜卷。4.卷起来，铺在烤碗里。5.撒上适量现磨黑胡椒粉，孜然粉。6.烤箱220度预热，上下火，时间设置为8分钟。7.烤箱预热完毕后，将培根香菜卷放入烤箱。', 'healthydiet/img6.jpg');
INSERT INTO `healthydiet` VALUES ('7', '山药炒黑木耳', '山药为补中益气药，具有补益脾胃的作用，黑木耳具有滋补、润燥、养血益胃、活血止血、润肺、润肠的作用。多吃有益健康', '主料:黑木耳100克,胡萝卜半个,山药200克 辅料:盐1小勺,鸡精少许,蒜瓣3个,葱2棵', '1.黑木耳用温水提前泡发。2.山药和胡萝卜切长条状，山药最好浸泡清水里就不会发黑。3.锅里加入油，放入蒜瓣煸香。4.先放入胡萝卜翻炒。5.在加入黑木耳。6.在放入山药一起翻炒。7.加入盐。8.最后放入葱花和鸡精，即可出锅。', 'healthydiet/img7.png');
INSERT INTO `healthydiet` VALUES ('8', '芦笋拌腰果', '芦笋中含有多种氨基酸、蛋白质与维生素，有消除疲劳，抗癌、提高身体免疫力的功效，与腰果一起搭配，营养更加丰富，芦笋的青脆，腰果的香气，是一道很好保健营养的凉菜。腰果含有热量较高，主要来源是脂肪，其次是碳水化合物和蛋白质。含有丰富的油脂，可以润肠通便，润肤美容，延缓衰老。', '主料:芦笋200克,腰果50克 辅料:油适量,盐1克,酱油5克,白醋5克,糖8克,芝麻油3克', '1.芦笋用清水冲洗干净，将老头切除，然后切成斜刀段，放入开水中焯熟，约2-3分钟。2.将焯熟的芦笋倒入冷开水中浸泡一会，再将水倒掉，并挤出多余的水分。3.冷油下入腰果，开启中小火炒制，炒至金黄关火，捞出放凉。4.待腰果冷却后倒入芦笋中，并调入盐、味极鲜、白醋、糖、芝麻油，拌匀即可。', 'healthydiet/img8.png');
INSERT INTO `healthydiet` VALUES ('9', '红酒炖梨', '梨味甘微酸、性凉，入肺、胃经；具有生津、润燥、清热、化痰，解酒的作用；用于热病伤阴或阴虚所致的干咳、口渴、便秘等症，也可用于内热所致的烦渴、咳喘、痰黄等症。', '主料:雪梨2个,红酒半瓶 辅料:冰糖几颗,肉桂一小根', '1.雪梨去皮去核切片。2.雪梨片放锅里，加入冰糖，肉桂，倒入红酒，没过雪梨。3.大火煮开，小火炖15分钟，冷却后入冰箱冷藏一夜。', 'healthydiet/img9.jpg');
INSERT INTO `healthydiet` VALUES ('10', '黄瓜芹菜苹果汁', '黄瓜、芹菜、苹果，都是非常健康的蔬果，对于清肠排毒、美容养颜都功不可没，把它们一起打成果汁，淡淡的香甜味。每天来一杯，清肠没商量。', '主料:黄瓜200克,芹菜120克,苹果200克 辅料:清水600毫升', '1.黄瓜和芹菜都洗净，再用淡盐水浸泡十分钟，然后再次洗净切成小块儿；苹果洗净去皮后切成小块儿。2.把所有的材料放进破壁料理机内桶，加入清水。3.破壁调理机通电，在机器上直接操作，选择“果汁”键，进行启动即可。', 'healthydiet/img10.png');
INSERT INTO `healthydiet` VALUES ('11', '香辣藕片', '莲藕营养丰富，含膳食纤维高，补益气血，增强免疫力。莲藕烹饪的方式多种，煲汤、清炒、辣炒、肉炒、凉拌，还可以做零食。冬天适量的吃的辣可以促进血液循环。', '主料:莲藕500克 辅料:花生油5毫升,盐4克,生抽2毫升,干辣椒5克,大蒜10克', '1.黄瓜和芹菜都洗净，再用淡盐水浸泡十分钟，然后再次洗净切成小块儿；苹果洗净去皮后切成小块儿。2.把所有的材料放进破壁料理机内桶，加入清水。3.破壁调理机通电，在机器上直接操作，选择“果汁”键，进行启动即可。', 'healthydiet/img11.jpg');
INSERT INTO `healthydiet` VALUES ('12', '枸杞银耳炖雪梨盅', '梨润肺清热，生津止渴，与冰糖同用，增强润沛止咳作用，可治疗小儿肺燥咳嗽、干咳无痰、唇干咽干等症。雪梨可以滋阴润肺，养胃生津、祛痰止咳，对咽喉有较好的养护作用；而且梨中较多糖类物质和多种维生素，容易被人体吸收。', '主料:雪梨2个,银耳半朵 辅料:冰糖，枸杞各5克', '1.准备食材。2.银耳泡发备用。3.雪梨顶部切开，用勺子把芯挖出。4.雪梨放入容器里面，塞入银耳，冰糖，水开后上锅中小火蒸30分钟左右。5.蒸好之后枸杞放进去，焖个5分钟。', 'healthydiet/img12.png');
INSERT INTO `healthydiet` VALUES ('13', '四红粥', '所谓四红是指红豆、红枣、花生、红糖，如果你冬季常常感到手脚冰凉、气血不足，那么就试试这道四红粥。这道粥具有补血益气、活血舒筋、清新养神的功效，制作起来又极为简单，材料都放入高压锅耐心的等待20-30分钟即可喝到美味滋补的四红粥。', '主料:红豆80克,花生仁(生)100克,红枣60克 辅料:红糖60克,糯米100克', '1.食材集合（花生、红豆是经浸泡1小时的)。2.糯米和红枣洗净和泡后的红豆、花生一起加入锅内。3.加入适量的清水。4.座入电饭煲慢煮1小时。5.热趁在煮好的粥里面加入红糖拌至糖融化即可。', 'healthydiet/img13.jpg');
INSERT INTO `healthydiet` VALUES ('14', '茭白三丝', '茭白口感鲜嫩，味道甘甜，具有生津止渴，利尿祛湿等功效，也是一种高营养性的蔬菜。这道用茭白，黑木耳和猪肉丝搭配一起烹饪而成的家常菜，营养均衡，入味鲜美。', '主料:茭白400克,猪肉100克,黑木耳5克 辅料:油25毫升,老抽5毫升,生抽15毫升,郫县豆瓣酱1汤匙,葱花少许,香油少许,蒜末10克,水淀粉2汤匙', '1.茭白去壳后洗净，黑木耳用清水泡开后洗净，准备上浆过油后的猪肉丝。2.把茭白和黑木耳切成细丝。3.准备郫县豆瓣酱，生抽，老抽，水淀粉，蒜末，葱花，香油。4.热锅倒油温油下入豆瓣酱炒出香味。5.再加入茭白丝和黑木耳丝翻炒均匀。6.加入少许开水，尝试味道后再加生抽和老抽。7.再把猪肉丝加入烧制片刻。8.加入白糖调味。9.加入水淀粉勾芡后淋上香油熄火出锅。10.盛入碗中撒上葱花即可享用。', 'healthydiet/img14.png');
INSERT INTO `healthydiet` VALUES ('15', '花胶红枣虫草花', '虫草花：含有丰富的蛋白质、氨基酸；红枣：味甘性温、脾胃经，有补中益气，养血安神，缓和药性的功能。现代药理研究现，红枣能使血中含氧量增强、滋养全身细胞，是一种药效缓和的强壮剂。', '主料:花胶40克,虫草花50克,枣(干)20克 辅料:冰糖15克,葱1根,姜1片,水适量', '1.花胶提前一天浸泡至软，花胶的质量差别很大，价格差异也十分悬殊，可根据自己的能力选择。2.食材准备，花胶泡软，大枣和虫草花清洗干净后备用。3.清洗干净后剪成小片，和葱姜一起在开水中过水去腥，这个步骤非常重要，可以保证汤的口感。4.将食材全部放入炖锅内加清水，炖煮3-4个小时，并按自己的口味加入适量的冰糖即可。', 'healthydiet/img15.png');
INSERT INTO `healthydiet` VALUES ('16', ' 凉拌手撕蒜苔', '蒜苔性温，具有温中下气，补虚，调和脏腑，以及活血、防癌、杀菌的功效，对腹痛、腹泻有一定疗效。', '主料:蒜苔1把 调料:食盐1茶匙,醋1茶匙,生抽1茶匙,香油数滴,植物油适量,香辣酱1茶匙', '1.蒜苔清洗干净，摘去头尾；锅中放水，放少许盐和油，水开后放入蒜苔焯水，蒜苔断生后放入凉水中浸泡。2.用手撕成一条条，再放入凉水中；全部撕完后，捞出淋干水分，放入盘中。3.调汁，我用了香辣酱、生抽、少许盐、香油、醋，全部放入小碗中，搅拌均匀，倒入蒜苔上面，吃的时候搅拌均匀即可。', 'healthydiet/img16.jpg');
INSERT INTO `healthydiet` VALUES ('17', '吮指香辣蟹', '螃蟹具有舒筋益气、理胃消食、通经络、散诸热、散淤血之功效。蟹肉味咸性寒，有清热、化淤、滋阴之功，可治疗跌打损伤、筋伤骨折、过敏性皮炎。', '主料:大闸蟹5只 调料:醋1/4汤匙,姜3片,蒜半头,花椒10粒,干辣椒20个,料酒1汤匙,生抽1/2汤匙,淀粉1汤匙,细香葱1根,白糖1茶匙', '1.将螃蟹清打开壳，清除不可以吃的腮胃等部位。2.蟹剁成块，锅内到植物油后放入葱、姜、蒜爆香。3.爆香后再放入干辣椒，倒入蟹块翻炒。4.蟹块倒入后放料酒、生抽、白糖、少许醋，加大半碗水加盖焖煮。5.煮至蟹变色变熟，汤汁收浓后将淀粉调水倒入锅中翻炒，汤汁不要收的太干，出锅前尝下如果不够咸，可以放少许食盐调味。', 'healthydiet/img17.jpg');
INSERT INTO `healthydiet` VALUES ('18', '海带排骨汤	', '海带含有丰富的钙，可防人体缺钙，还有降血压的功效。', '主料:排骨1000克,海带100克 辅料:姜3克,葱5克,料酒5克,盐2克', '1.姜切片，葱切段。2.加水直至没过海带，浸泡3小时。3.排骨焯水去腥去血沫。4.加入姜片、葱段、排骨。5.放料酒，倒入海带，放盐。6.小火煲1个小时，盛出装盘即可。', 'healthydiet/img18.png');
INSERT INTO `healthydiet` VALUES ('19', '番茄牛肉面', '西红柿和牛肉都有很好的保健功效，两者合一能滋养脾胃，强健筋骨，而且还有美容嫩肤的作用。', '主料:牛肉100克,番茄2个,挂面1把 辅料:葱1根,白皮蒜1片,姜1块,盐2茶匙,胡椒粉1茶匙,生抽1茶匙,料酒1茶匙,生粉1汤匙,高汤1碗,植物油1汤匙,鸡精少许', '1.牛肉切片，加入料酒、盐，生抽、淀粉、植物油腌制片刻。2.番茄放入开水烫几十秒，很好去皮。3.把番茄切片，姜切丝，蒜拍碎切小。4.锅里烧开水，下入面条。5.面条稍煮软，捞出。6.捞出后放冷水中泡着。7.重起锅，烧热油，下入姜丝、蒜粒，爆香。8.下入牛肉、番茄翻炒一会，至牛肉变色。9.加入高汤。10.煮开后下入面条。11.再次煮开后，加入盐，鸡精调味即可。', 'healthydiet/img19.jpg');
INSERT INTO `healthydiet` VALUES ('20', '芹菜炒牛肉', '芹菜具有很好的养生和保健效果。经常吃芹菜能够具有很好的美容和抗衰老的效果。与牛肉在一起炒，具有的营养价值更高，在提升了牛肉的香气之外，也能让芹菜更加清脆和爽口。', '主料:牛肉250克,芹菜400克 辅料:食用油适量,豆瓣酱一勺,小辣椒8个,花椒适量,生抽1勺,料酒1勺,姜丝适量,大蒜4颗,精盐1勺,味精半勺', '1.买来的牛肉洗干净切丝。2.芹菜斜切成小段。3.放入一勺生抽，一勺料酒，少量姜丝腌制10分钟左右,在炒之前放入少量生粉。4.准备好干辣椒段，姜丝，大蒜，花椒。5.锅中放油，先加入辣椒花椒，在加入姜丝大蒜炒香，在加入一勺豆瓣酱。6.倒入牛肉快速翻炒2分钟左右盛出备用，锅中留油。7.倒入芹菜翻炒断生，在倒入盛出备用的牛肉，继续翻炒～在放入盐和味精就可以出锅。', 'healthydiet/img20.png');

-- ----------------------------
-- Table structure for `healthynews`
-- ----------------------------
DROP TABLE IF EXISTS `healthynews`;
CREATE TABLE `healthynews` (
  `newsId` int(20) NOT NULL,
  `newsName` varchar(40) CHARACTER SET utf8 NOT NULL,
  `news` varchar(5000) CHARACTER SET utf8 NOT NULL,
  `pic` varchar(60) CHARACTER SET latin1 COLLATE latin1_german1_ci DEFAULT NULL,
  PRIMARY KEY (`newsId`)
) ENGINE=InnoDB DEFAULT CHARSET=latin1;

-- ----------------------------
-- Records of healthynews
-- ----------------------------
INSERT INTO `healthynews` VALUES ('1', '食物掉地上5秒钟还能吃吗？', '很多时候我们见到美食，总是会开心得手忙脚乱。当你正准备大快朵颐的时候，你却失手让美食掉地上了，这个时候到底能不能捡起来吃呢？传说中的“5秒法则”又有没有道理呢？5秒法则？不存在的！5秒法则是世界广泛流传的一种迷信说法，是用作判断掉在地上的食物是否能够食用的方法。法则具体为：如果食物掉在地上后五秒内被拾起，则该食物可以安全地食用。但事实上这个5秒法则根本就不靠谱！因为细菌的转移是立！即！发！生！的！早在2007年，美国克莱姆森大学的保罗·道森博士就已经用香肠片做过实验，发现食物掉地上的时间与沾染的细菌数量没有明显的关系，就算是反应够快，掉地上的一瞬间也好，细菌也是会立即发生的。有的人不禁要问既然与时间没有关系，那么跟什么有关系？保罗·道森博士的对比组告诉我们与湿度以及食物的水分有关。首先，因为大部分细菌，如大肠杆菌、沙门氏菌以及李斯特菌等等都特别喜欢潮湿的环境，因为它们能够在这样的环境快速滋生、繁衍。所以与环境的湿度有关，就像如果地面是湿的，食物掉在地上就不要吃了。其次，与食物的水分息息相关，如果食物还有大量的水分，不仅有利于细菌的滋生，而且还直接增加了食物与地面的接触面积，增加了感染的几率。最后就是与地面的卫生情况挂钩了，如果周遭环境都是非常干净，经过无菌处理的，那哪怕掉地上两分钟也还是可以捡起来吃的。如果环境本来的卫生情况就不容乐观，那食物掉地上就只能怪自己粗心大意了。到底吃还是不吃？虽然说掉地上会沾染细菌，但日常环境中大部分的细菌并不致病，所以也有人抱着“大菌吃小菌”的想法，并不嫌弃吃掉在地上的食物。而且人们对“干净卫生”的判断也是很主观的，就像粪便即使通过无菌处理，你还是觉得它很“脏”；情侣间的食物可以你一口我一口，但其他人的时候你却看都不多看一眼。所以最终决定食物能不能吃，网友们总结为三点：一是食物贵不贵，二是好不好吃，最后也是最重要的一点，旁边有没有人……', 'healthynews/img1.jpg');
INSERT INTO `healthynews` VALUES ('2', '办公室常备3种健康零食', '护眼零食：枸杞、蓝莓。枸杞自古有“红宝”之称，它富含的天然色素β胡萝卜素作为维生素A的前体，可预防维生素A不足，能护眼明目。长时间注视电脑、电视、游戏机等，都会使得维生素A消耗量增大，要格外注意补充。蓝莓富含花青素，具有保护微血管改善眼睛供血的作用。解饿零食：全麦面包、坚果。全麦面包属于复合性碳水化合物，不会让血糖快速波动，且高纤维会带来饱腹感，让人不容易饿。原味花生、杏仁、核桃等各种坚果含有丰富的植物性蛋白质、健康的不饱和油脂及纤维，可提供饱腹感，延缓胃排空的速度。但坚果的油脂太多，每天只宜吃一汤匙的量，否则容易增肥。提神零食：绿茶、黑巧克力绿茶含有茶氨酸，这是一种有放松大脑功效的抗氧化剂，能让人迅速从紧张焦虑中解脱出来。绿茶中富含的咖啡碱能促使人体中枢神经兴奋，起到提神益智的效果，但不建议喝绿茶饮料。研究显示，黑巧克力能增加大脑供血，每天仅需吃9.3克黑巧力就能预防年龄增加导致的记忆衰退。此外，黑巧克力还能刺激大脑释放感觉良好的化学物——神经介质，让人注意力更集中。', 'healthynews/img2.jpg');
INSERT INTO `healthynews` VALUES ('3', '冻鱼保鲜营养吗？', '国人在“吃”这件事情上从来都是条条大路通罗马。当活鱼买不到的时候，吃货的筷子也伸向了还没失踪的冷冻鱼们。谁叫鱼从古至今都是餐桌上的大菜呢，逢年过节、婚丧嫁娶少了谁都可以，但宴席中总少不了鱼。没办法，无论是想满足口腹之欲，还是想要获得丰富的营养，鱼在肉类家族里常常是“高畜一筹”。但是有人会有这样的疑惑，冷冻鱼和活鱼比起来，营养价值是不是都给“冻”没了?冷冻是一种重要的保藏方式跟鸡鸭猪牛羊这类禽畜相比，鱼的肌肉组织含水量更多，可溶性蛋白质含量也更高，又富含不饱和脂肪酸，天然免疫物质少，鳃和内脏附着的细菌多。而鱼死后呈弱碱性，更加适宜细菌生长，也就更容易腐败变质。所以，机智的吃货祖先们为了把远方的鱼运到自己家的餐桌上，让更多的人品尝到不同品种的鱼肉的鲜美，就发明了冰鲜鱼和冷冻鱼。冰鲜鱼是采取加冰降温的方式，让鱼在死后的僵硬期延长，相当于让鱼体细胞的生理状态“定格”在死亡的瞬间。所以冰鲜鱼的口感和味道跟活鱼比较相似。但是冰鲜鱼也只能保存几天而已，而我们想吃到从遥远海域捕捞到的鱼种，就得依靠更长期、更稳定的保藏方式。在冷冻状态下，酶的活性和微生物的生长都被抑制，鱼的保质时间也大大延长，通常可达数月。所以冷冻鱼的出现正是为了能够让我们品尝到遥远海域的鱼种。冷冻不影响核心的营养价值但对于大家来说，最关心的还是冷冻之后的鱼肉跟活鱼相比发生了什么变化。首先，从口感上说，冷冻鱼的肉质的确没有活鱼鲜嫩。这主要是因为在冷冻过程中，鱼内的水分冻结成冰晶，导致鱼肉蛋白质发生冷冻变性和一系列理化性质的改变，包括蛋白质空间结构和疏水性的变化，凝胶性和保水性的降低，盐溶性蛋白含量降低，ATP酶活性减低等，从而造成鱼肉的品质和口感下降。其次，从营养上看，同品种的鱼冷冻后确实会流失掉一部分营养。因为在鱼冷冻时，鱼肉的肌原纤维中的水分将结成冰晶，但在解冻的时候却没有办法再与蛋白质分子聚合，也就不能被全部吸收回鱼肉中。这种汁液的流失就伴随着鱼肉中一小部分可溶性蛋白质、盐类、维生素等水溶性营养物质的流失。但是，这点损失并不影响鱼类的核心营养价值。因为这一点损失如果也要较真儿的话,那就不得不提醒你，其实活鱼在暂养过程中，受局部水环境氧气、温度、pH值、排泄物积累和捕捞造成的鱼体损伤等因素影响，也会出现品质的下降，一样有一定的营养损失。所以，冷冻鱼与活鱼相比，口感上输得坦荡荡，但营养价值没啥明显差别。更关键的是，你除非去海边度假，否则常见的活鱼大部分都是养殖的淡水鱼。而营养价值更高的深海鱼，基本上都是冷冻的。所以，鱼类的营养价值高低也要看鱼的品种，不能单纯地从是不是活鱼来判断。为了活鱼而放弃了深海冷冻鱼得不偿失，不如“一视同仁”地对待活鱼和冷冻鱼。鱼肉突出的营养优势：\r\n其实，无论是活鱼还是冷冻鱼，都是膳食结构里少不了的一种美味又营养的食材。因为鱼肉突出的营养优势一直为人称道。大多数鱼肉的脂肪占比都在5%以下，蛋白质含量则高达15%-20%。而中国人消费最多的猪肉，脂肪平均占比高达37%，蛋白质含量仅为13.2%左右。而且，禽畜肉中的脂肪主要是饱和脂肪，过多摄入容易增加罹患心脑血管疾病的风险。鱼肉则富含不饱和脂肪酸，有助于降血脂、降胆固醇，保护心脑血管健康。对孕妇和婴幼儿来说，鱼更是好东西。特别是某些深海鱼，其中的多不饱和脂肪酸，比如大名鼎鼎的DHA，对大脑发育大有益处。除此之外，鱼类还富含人体所需的维生素A、D、E等多种营养素。\r\n', 'healthynews/img3.jpg');
INSERT INTO `healthynews` VALUES ('4', '睡觉打鼾吃什么好？', '茶：茶叶中所含的营养成份很多，将近500种。主要有咖啡碱、茶碱、可可碱、胆碱、黄嘌呤、黄酮类及甙类化合物、茶鞣质、儿茶素、萜烯类、酚类、醇类、醛类、酸类、酯类、芳香油化合物、碳水化合物、多种维生素、蛋白质和氨基酸。氨基酸有半胱氨酸、蛋氨酸、谷氨酸、精氨酸等。茶中还含有钙、磷、铁、氟、碘、锰 、钼、锌、硒、铜、锗、镁等多种矿物质。茶有助于减少堵塞和痰液，从而减轻打鼾。用来泡茶的开水释放出蒸汽，能减轻吸气时的鼻塞。饮茶时，来自茶叶的水汽能舒缓发炎的鼻腔，稀释黏液，改善鼻腔引流。喝薄荷茶对防止打鼾的效果最好，因为薄荷是一种天然的减充血剂，能缓解鼻黏膜肿胀。蜂蜜：睡觉前把蜂蜜搅拌在茶水中喝，有助放松喉咙，减轻充血肿胀，从而防止打鼾。蜂蜜同时具有抗菌和抗炎特性，能帮助减轻喉咙部位的堵塞充血。姜黄：姜黄的抗炎特性对抵御炎症有益，特别是在防治打鼾方面。姜黄的活性成分（姜黄素）是一种具有强效消炎作用的抗氧化剂，它的副作用很小，能够安全、自然的缓解堵塞。姜黄在菜市场调料柜台和一般中药店都有卖，可以直接煮水喝，也能用来做菜熬粥。洋葱：洋葱中的营养成分十分丰富，不仅富含钾、维生素C、叶酸、锌、硒，及纤维质等营养素，更有两种特殊的营养物质：槲皮素和前列腺素A。虽然食用洋葱后的口气不好，但它却是克服打鼾的救星；因为洋葱具有抗炎特性，有助于清理鼻道，从而让更多的空气通过。洋葱中含有植物杀菌素如大蒜素等，有很强的杀菌能力，能有效抵御流感病毒、预防感冒。这种植物杀菌素经由呼吸道、泌尿道、汗腺排出时，能刺激这些位置的细胞管道壁分泌，所以又有祛痰、利尿、发汗以及抑菌防腐等作用。香菇：香菇富含香菇多糖、甘露醇、海藻糖等多种活性物质，具有提高免疫细胞活性、改善植物神经调节功能、增强机体排毒等作用。每天食用50～150克香菇，可起到消除疲劳的效果。枣仁：将枣仁炒熟，每晚睡觉前先洗脚，然后口嚼80-100粒，连续九天。香菜：香菜又称芫荽。香菜含有芳樟醇、二氢芫荽香豆精、香柑内脂等。乳酸是导致肌肉酸痛、疲劳、乏力等症状的最大“祸首”。海带、萝卜中的碱性物质与香菜中的有效成分结合，可以中和肌肉活动时产生的乳酸。每天用约100克香菜与海带、萝卜凉拌食用，可缓解疲劳。', 'healthynews/img4.jpg');
INSERT INTO `healthynews` VALUES ('5', '那些啤酒谣言还在飞？', '1.啤酒和炸鸡更配?啤酒跟炸鸡更配?“都教授”带动之下，啤酒配炸鸡一时风行，但其实这个搭配并不合理也不健康哟。炸鸡的营养价值主要是蛋白质，还有一些矿物质、维生素，鸡翅炸过以后它的能量会提高许多，换算成馒头是大半个馒头，所以啤酒配炸鸡，油含量过高，所以并不推荐。2.“化学啤酒”怎么回事?啤酒花浸膏是一种抑制啤酒微生物繁殖的化学物质，饮用将会有头晕、心悸等反应，对人体产生危害。”其实这都是无稽之谈。 不明真相的人士将使用了二氧化碳酒花浸膏制造的啤酒误传为化学啤酒。大家都知道二氧化碳是一种在常温常压下无色无毒的气体，是人体呼出气体的主要成分。啤酒花其主要是为啤酒提供苦味和酒花香味。因此使用超临界二氧化碳可以高效无污染的将酒花中的苦味物质提出来的，再用于啤酒制造，这是是一种先进的、合法的、无害的物理萃取技术，和化学制剂无关。3.啤酒嘌呤高导致痛风?“喝啤酒导致痛风”是流传最广、最为普遍的一种说法，其实啤酒嘌呤含量高导致痛风发病率高，这是不正确的说法。痛风是现代社会常见疾病，痛风患者是嘌呤代谢失常，医生也要求禁止喝啤酒。而喝啤酒会不会导致痛风?导致痛风病的原因是非常多的，和啤酒并没有直接关联。过量饮酒导致人体酒精代谢失常，才会诱发痛风。所以不恰当地、过量饮酒是主因。4.偏方：每天喝10瓶啤酒可以治肾结石?偏方是有适应指症的，必须有临床病例支撑，才能叫做偏方。在它前期形成偏方的过程中，有非常严格的、大量的实践证明。而现实中，许多人都认为自己的道听途说和某个想法就是偏方，根据个人经验得出来的“偏方”，不能轻信。得了结实，当然还是该到医院由专家进行救治，以防延误时机，加重病情。5.喝啤酒会“致癌”?现代医学并没有发现啤酒与癌症有关系，但酒的摄入过度和癌症是有关系。在科学合理剂量内饮用啤酒是没有问题的，而且，非但没有发现正常计量饮用啤酒会导致健康问题，反而发现在啤酒中有一些抗癌成分，例如酒花里就有抗癌的成分。', 'healthynews/img5.jpg');
INSERT INTO `healthynews` VALUES ('6', '清理烤箱的6个小窍门？　', '清洗烤箱的小窍门:所需工具：洗涤灵、装有少量清水的喷壶儿1个、热水1碗、干净抹布1块儿、厨房纸巾。方法：1.把洗涤灵倒入装有少量清水的喷壶儿里，浓度要高一点儿，洗涤灵和水的比例在1：10左右，这样去污能力会强一点儿。2.将勾兑好的洗涤灵溶液喷在烤箱内有油污的地方，油污重的位置多喷点儿。3.将厨房纸巾铺在烤箱四壁后，重新在纸巾上再喷一遍洗涤灵水。4.把准备好的一大碗开水放入烤箱，关上烤箱门儿，不通电，焖10分钟。5.10分钟后取下纸巾，但先别急着扔掉，用蘸有洗涤灵水的纸巾轻轻一擦，油污就擦掉了。6.最后用干净的抹布将烤箱擦拭干净就OK了。', 'healthynews/img6.jpg');
INSERT INTO `healthynews` VALUES ('7', '橘子吃多变“小黄人”？', '秋意渐浓，正是橘子上市的好时节，黄中略带青的橘子让人垂涎三尺，但是很多人会说橘子吃多了皮肤会变黄，真的是这样吗？为什么橘子吃多了会变“小黄人”呢？其实，若短时间内大量食用过多的橘子，皮肤确实会变黄，这种情况在医学上称为“高胡萝卜素血症”，也叫“橘黄症”，其症状表现为手掌、足底明显变黄，其次是面部、口周、耳后、指关节处等，严重者全身皮肤呈偏黄色。简单来说，由于橘子中富含黄色色素的β-胡萝卜素，一段时间内食用过多的橘子，血液中的β-胡萝卜素浓度剧增，造成色素沉积，从而出现皮肤发黄的症状。但并不是每个人食用过量的橘子就一定会变成“小黄人”，这与个体内分解胡萝卜素的特定酶有关，这种酶的缺少会导致皮肤变黄。为什么橘子吃多了会变“小黄人”？具体来讲，橘子里富含胡萝卜素，胡萝卜素是一种对人体有益的营养物质，可以转化为维生素A，还可以起到预防皮肤干燥、提高免疫功能、改善心血管功能等作用。可是，如果一次性过量的摄取富含胡萝卜素的食物，其不能及时转化为维生素A，过量的胡萝卜素就会流入血液进入循环系统，传遍全身，胡萝卜素具有脂溶性高的特点，在经过循环到达表皮时，会与表皮亲脂蛋白结合，因此对于血脂偏高的人来说，胡萝卜素更容易沉积在皮肤内，出现皮肤发黄的现象。一般来讲，这样就造成了胡萝卜素聚积在皮下脂肪组织里来不及代谢，使得皮肤暂时性变黄。得了橘黄症该怎么办呢？它虽然影响了暂时的美观，但也无需过于担心，如没有任何不适症状，不需要特殊治疗，减少摄入或停吃一段时间的橘子，皮肤就会慢慢恢复常态。除了橘子以外，在一段时间内过多食用富含胡萝卜素的食物，如胡萝卜、南瓜、红薯、柿子、芒果和木瓜等，也可能导致皮肤变黄。所以，在日常生活中对这些富含胡萝卜素的食物要合理摄取，不能贪吃，对于应季的水果可以平衡搭配食用。', 'healthynews/img7.jpg');
INSERT INTO `healthynews` VALUES ('8', '2020年水果谣言盘点', '多种无籽水果用避孕药培育？谣言：无籽水果中含有大量激素，因使用避孕药处理达到无籽效果。此外，“顶花带刺”的黄瓜也用避孕药处理来保持新鲜，经常食用对人体有害。真相：在所有水果谣言中，避孕药是跨界幅度最大的添加剂，葡萄、西瓜、黄瓜等常见果蔬悉数中招。但实际上，无籽水果中大部分为天然无籽品种，而另一部分则是通过人工杂交培育、使用合法植物生长调节剂等进行无核化处理。无籽水果主要包含西瓜、葡萄、柑橘等品类。其中，无籽西瓜主要通过人工杂交培育，使种子无法正常受精发育，最终形成无籽果实。无籽柑橘则是将自然形成的无核柑橘所在枝条进行嫁接进行繁育产出。二、 柿子不能与N种食物同吃？谣言：柿子与螃蟹同食可引发中毒，严重者可致命。真相：最早的“柿蟹相克”之说起源于东晋，至今已有1600多年历史。如今，柿子成为食用禁忌最多的水果，如“柿子不能与螃蟹同食”、“柿子不能与白酒同食”、“柿子不能与红薯同食”等。事实上，柿子与其他食物相克没有足够的科学依据支撑。属于典型的急性胃肠炎和食物中毒反应，且以下消化道反应即腹痛腹泻为主症，符合细菌性食物中毒和痢疾感染的特点，并非食物相克引发。柿子中富含大量果胶、鞣酸(单宁)，在空腹大量进食后会在胃酸作用和胃肌机械辗转下产生凝块滞留胃中，形成植物性胃石，临床可见上腹部疼痛、恶心呕吐或少量咖啡色血性物，常并发胃溃疡、幽门梗阻，少见腹痛腹泻。而胃内强酸环境是胃石发生的基础，高蛋白饮食只是其促发条件之一。三、草莓打膨大剂可致癌？谣言：个头大、形状奇怪的草莓都用了膨大剂，会在人体内积累并致癌。真相：草莓是一种营养价值较高的水果，但历年上市前后关于“激素草莓”、“膨大剂草莓”致癌的说法便在网上盛行，其中对个头较大、外观均匀的空心草莓质疑最多。草莓的个头与很多因素相关，如通过杂交选育、疏花疏果都能得到果实更大的草莓。而某些异常大的草莓确实存在使用膨大剂的可能，但并没有“致癌”那么恐怖。事实上，膨大剂作为一种植物生长调节剂，学名为氯吡脲(CPPU)，20世纪80年代首先由日本发现，之后引入中国，在国际上广泛使用。其能促使植物细胞加倍分泌细胞分裂素，增加单位时间内植物细胞分裂的次数，同时还能促使生长素的分泌，使细胞长得更大。', 'healthynews/img8.jpg');
INSERT INTO `healthynews` VALUES ('9', '凉拌或油炸四季豆容易中毒', '四季豆又名菜豆、豆角、扁豆等，是普遍食用的蔬菜。四季豆中毒也是食物天然毒素中毒较常见的情况。根据实际调查，烹调不当是主要诱因，多为炒煮不够熟透所致。未煮熟的四季豆中含有皂素，皂素对消化道黏膜有强刺激性。四季豆还可能含有植物血球凝集素和胰蛋白酶抑制物，均能引起食物中毒。摄入未煮熟的四季豆，引起中毒的潜伏期为数十分钟，一般不超过5个小时，主要为胃肠炎症状，如恶心、呕吐、腹痛和腹泻。呕吐少则数次，多则数十次，另有头晕、头痛、胸闷、出冷汗以及心慌、胃部有烧灼感等现象，病程一般为数小时或一两天。专家提醒，四季豆不要用凉拌、油炸等方式来烹调。餐厅的干煸四季豆是最危险的，因为许多厨师为了节省时间，会采用高温短时油炸的方式来烹调。专家提醒大家，在餐厅吃到颜色鲜亮、翠绿、口感脆硬甚至带有生味儿的四季豆都应该当心。', 'healthynews/img9.jpg');
INSERT INTO `healthynews` VALUES ('10', '放调味料的最佳时间你可知道？', '味精：菜起锅后放。味精主要的作用就是给植物性食物增加鲜味，给肉食增加香味。但是，当食物温度到达120℃以上时，味精会变成焦化谷氨酸钠，不仅没有鲜味，还有毒性。所以，味精在70℃—90℃ 时使用效果最好，一般在菜起锅后马上放。但还有一点需要注意的是，有一些菜在烹饪时并不需要加味精，如鸡蛋、蘑菇、海鲜等。白糖：炒菜过程中放。糖能增加菜的甜味，还能抑制酸味、缓和辣味，可谓是功效诸多。此外，待油锅热后放糖炒至紫红色时放入主料一起翻炒，还能给菜上色。但是，白糖也不可以放得过早，最好在炒菜过程中放。醋：“两头”加。醋不仅能祛膻、除腥、解腻、增香，软化蔬菜纤维，还能避免高温对原料中维生素的破坏。做菜放醋的最佳时间在“两头”，有些菜肴，如炒豆芽，原料入锅后马上加醋，既可保护原料中的维生素，同时又能软化蔬菜中的纤维;但是有些菜肴，如糖醋排骨、葱爆羊肉，原料入锅后加一次醋，其作用是祛膻、除腥，在菜肴临出锅前再加一次，以解腻、增香、调味。酱油：出锅前放。酱油既可以给食物上色，还能增加食物的香味，从而增进食欲。但是营养师建议，烹饪时最后放酱油，这样酱油中的氨基酸和营养成分能够有效保留。料酒：锅内温度最高时放。料酒主要有去腥膻味的作用，从而增加菜的香气。它与味精不同，一般是在锅内温度最高时加入，因为腥味物质能被乙醇溶解并一起挥发掉。但它也经常用于烹饪前的腌渍，能让乙醇浸入到鱼、肉纤维组织中去，以除去异味。', 'healthynews/img10.jpg');
INSERT INTO `healthynews` VALUES ('11', '这5类食物不甜但糖分高', '1、超市中的速冲糊粉是含糖大户。因为单纯的谷、豆等磨成的粉口感不佳，甚至有一种五谷杂豆特有的“土腥味”，因此，豆奶粉、藕粉、核桃粉等速冲糊糊类食品中往往会加入很多糖来调整口感。有的产品中的糖甚至排在配料表的第一位，购买时一定要多注意。2、山楂片、话梅等酸味零食。山楂、话梅等本身有机酸含量丰富，口感较酸，加工中加入大量糖，口感才能酸甜适宜。有的山楂片中的糖含量高达70%～80%；而话梅的中的糖含量也不示弱，一般排在配料表第二位，仅次于梅子。3、红烧肉、鱼香肉丝都是高糖。专家介绍，很多人做菜喜欢用糖调味，尤其是餐馆里的厨师更是喜欢大量用糖提味，一份红烧排骨、红烧鱼、鱼香肉丝大概加糖25~30克，红烧肉要加40~50克，最高的是糖醋排骨和糖醋里脊，每份要加入75克左右的糖。此外，一些市民喜爱吃的加工肉制品，如肉干、肉脯里也含有不少糖。4、猕猴桃、柚子居然比西瓜含糖高。专家表示，别看西瓜吃起来甜，其实含糖量仅为4.2%；而猕猴桃吃起来较酸，含糖量却是10%。含糖量在9%~13%之间的水果还有苹果、杏、无花果、橙子、荔枝等。而柿子、桂圆、香蕉、杨梅、石榴等水果，含糖量超过了14%。5、酸奶、面包里也有隐形糖。如果你自己在家做面包或酸奶就会发现，一般的白面包100克中需加入10-20克左右白糖，这还不算其本身的淀粉含量。酸奶的制作配方是100克牛奶配10克左右白糖。', 'healthynews/img11.jpg');
INSERT INTO `healthynews` VALUES ('12', '年末应酬多，喝酒前后饮食有讲究', '到了年末，不仅工作更加繁忙，各种应酬也多了起来，喝酒就是在所难免的，吃什么可以减少酒精对人体健康的危害呢?在这里，就来为大家介绍一下喝酒前后吃什么有好处，千万不要错过了。喝酒前吃什么好？牛奶。喝酒前喝杯牛奶，不仅能养胃，还能形成保护膜，减少酒精对胃的伤害。生黄豆。据说喝酒前吃点泡过的生黄豆能防醉。因为这些里面的蛋白质变性，可消耗酒精，减少酒精的损害。淡盐水。喝酒前喝一些淡盐水，利尿，可以让酒尽快排出去。面类食物。喝酒前应该让胃里有点东西可以消耗，这样才能避免酒精对胃的直接伤害。喝酒前吃面包、馒头，不会那么免容易醉。蜂蜜。蜂蜜中含有一种特殊的成分，可以促进酒精的分解吸收，减轻头痛症状，尤其是红酒引起的头痛。葡萄。葡萄中含有丰富的酒石酸，能与酒中的乙醇相互作用形成酯类物质，达到解酒目的。如果在饮酒前吃，还能预防醉酒。喝酒时不能吃什么菜？肘子、猪蹄、肉皮冻等含胶原蛋白多的食物。胶原蛋白含量高的食物会在胃肠中形成保护膜，大大减缓酒精的吸收速度，还能保护肝脏。同时，这类食物也含有一定油脂，酒精难溶于油脂，因此人体对酒精的吸收速度会减缓许多。海带、木耳、大白菜等膳食纤维高的菜。膳食纤维可减缓或减少酒精的吸收，起到保护肝脏的作用。凉拌海带丝、洋葱拌木耳等都是既护肝又美味的选择。粗粮薯类。这类食物中含有丰富的碳水化合物，碳水化合物和酒精结合，会减缓肠胃对酒精的吸收。其次，这类食物中B族维生素的含量也相当丰富，能弥补大量饮酒对维生素B1的损失。因此，炒土豆丝、杂粮外婆菜等都是不错的选择。富含蛋白质的菜肴，如肉蛋及大豆制品等。这些食物含大量蛋氨酸和胆碱，对肝脏有保护作用。因此，吃这些食品等于服了保肝药。喝的酒越多、度数越高，越要吃蛋白质丰富的菜。如家常豆腐、水煮花生米等。最后，再来了解了解酒后吃什么好吧。喝酒后吃什么最有益香蕉治酒后心悸、胸闷。酒后吃1—3根香蕉，能增加血糖浓度，降低酒精在血液中的比例，达到解酒目的。同时，它还能减轻心悸症状、消除胸口郁闷。西红柿汁治酒后头晕。西红柿汁也富含特殊果糖，能帮助促进酒精分解，一次饮用300毫升以上，能使酒后头晕感逐渐消失。实验证明，喝西红柿汁比生吃西红柿的解酒效果更好。饮用前若加入少量食盐，还有助于稳定情绪。橄榄治酒后厌食。橄榄自古以来就是醒酒、清胃热、促食欲的良药，既可直接食用，也可加冰糖炖服。西瓜汁治酒后全身发热。西瓜具可以清热去火，能加速酒精从尿液中排出。柚子消除口中酒气。实验发现，柚肉蘸白糖吃，对消除酒后口腔中的酒气有很大帮助。芹菜汁治酒后胃肠不适、颜面发红。这是因为芹菜中含有丰富的B族维生素，能分解酒精。酸奶治酒后烦躁。酸奶能保护胃黏膜、延缓酒精吸收，其中钙含量丰富，对缓解酒后烦躁尤其有效。蜂蜜水治酒后头痛。蜂蜜中含有一种特殊的果糖，可以促进酒精的分解吸收，减轻头痛症状，尤其是红酒引起的头痛。另外，蜂蜜还有催眠作用，能使人很快入睡，第二天起床后也不会头痛。新鲜葡萄治酒后反胃、恶心。葡萄中含有丰富的酒石酸，能与酒中乙醇相互作用形成酯类物质，达到解酒目的。如果在饮酒前吃，还能有效预防醉酒。虽然以上食物可以减少酒精对我们的伤害，但是还是不宜过量饮酒哦。', 'healthynews/img12.jpg');

-- ----------------------------
-- Table structure for `menu`
-- ----------------------------
DROP TABLE IF EXISTS `menu`;
CREATE TABLE `menu` (
  `menuId` int(20) NOT NULL AUTO_INCREMENT,
  `menuName` varchar(40) CHARACTER SET utf8 NOT NULL,
  `menuMaterial` varchar(300) CHARACTER SET utf8 NOT NULL,
  `menuContent` varchar(1500) CHARACTER SET utf8 NOT NULL,
  `pic` varchar(60) NOT NULL,
  `userId` int(20) DEFAULT NULL,
  `type` int(10) DEFAULT NULL,
  PRIMARY KEY (`menuId`)
) ENGINE=InnoDB AUTO_INCREMENT=85 DEFAULT CHARSET=latin1;

-- ----------------------------
-- Records of menu
-- ----------------------------
INSERT INTO `menu` VALUES ('1', '葫芦瓜炒素肉', '主料:葫芦瓜200g 熟肉30g 胡萝卜10g 豌豆10g 盐巴10g 味精5g 料酒20g 生抽10g', '1.葫芦瓜，吃起来和西葫芦口感类似。2.去皮。3.切开，淘籽。4.切丁。5.素肉。6.冷水浸泡5分钟，期间换水2-3次。7.小豌豆，焯水一下。8.胡萝卜、红椒、蘑菇、香菇，切丁。9.准备好，台湾的香葱酱。10.热锅，放入玉米油，3成热放入香葱酱，稍稍加热5秒。11.放入沥干的素肉，翻炒。12.倒入生抽2小匙、料酒1小匙，翻炒后盛出备用。13.锅内放入菜籽油，倒入胡萝卜先炒一下，再放入香菇、蘑菇翻炒，加一大匙高汤或水，翻炒。14.加入葫芦瓜丁,翻炒。15.加入豌豆，翻炒，加入3g盐。16.放入素肉，翻炒均匀。17.最后，放入红椒，翻炒3秒，关火， 撒一些些香菇粉提鲜。18.盛出，装盘。', 'menuImg/menu1.jpg', '1', '0');
INSERT INTO `menu` VALUES ('2', '老面黄金吐司', '主料:高筋面粉250克,老面480克  辅料:酵母(干)1克  调料:食盐2克,白糖50克,牛奶50克,水100克,黄油15克', '1.将除黄油以外的所有材料放入面包机桶内，启动和面功能（一个程序20分钟后加8-10分钟)。2.揉至15-20分钟时检查面团，出现厚薄时加入黄油。3.最后几分钟注意看面团状态，能拉出不易破的手套膜即可结束和面。4.将面团取出，搓圆放入盆内，盖上保鲜膜进行一发（25度－28度）。5.手沾面粉插入面团，不塌陷不回缩即发酵完成。6.将面团轻压排气后平均分成6份，静置30分钟。7.取一面团，擀成椭圆形。8.折三折后从上往下卷。9.放入吐司模内。10.烤箱启动发酵功能38度一小时。11.发至模具八至九成模高（轻按面包胚，会缓解回缩即可）。12.卡士960A蒸汽风炉设置170度，时间为40分钟（预热8分钟、烘烤32分钟）。13.出炉马上脱模，放晾架上放至手温后密封保存。14.淸一色金黄色的表皮。', 'menuImg/menu2.jpeg', '1', '0');
INSERT INTO `menu` VALUES ('3', '鸡蛋小饼干', '主料:鸡蛋1个,蛋黄2个 辅料:低筋粉80克,细砂糖50克,黑芝麻少许', '1.盆中放入一个全蛋，两个蛋黄加入50克细砂糖，坐入40度左右的温水中，把鸡蛋隔水加热一下会更容易打发。2.用电动打蛋器低速搅打，提起打蛋头，蛋糊滴落的痕迹不容易消失就可以了。3.筛入低筋粉。4.快速翻拌均匀，手法同戚风蛋糕。5.装入裱花袋，裱花袋剪的口不要太大了，可以用一个圆形的裱花嘴来挤。6.烤盘垫油布，烤盘垫油布，烤盘垫油布，重要的话说三遍！挤出的蛋糕糊直径跟五角钱硬币大小差不多就行，等一下蛋糕糊会自动摊开，直径还会增加，所以，彼此之间一定要留出足够的距离，避免烘烤的时候融合在一起。7.可以撒点黑芝麻，好看又营养。8.放入预热好的风炉，130度烘烤30分钟。9.出炉后很轻松就可以取下来，放在烤架上晾一下就可以密封保存。', 'menuImg/menu3.jpg', '1', '0');
INSERT INTO `menu` VALUES ('4', '烫面千层饼', '主料:面粉200克,猪肉末100克 辅料:肉馅调味汁20克,葱3克,姜1块,盐2克,食用油1汤匙,开水适量', '1.面粉加开水，和成光滑的面团，醒20分钟。2.猪肉末里放入盐、葱、姜、肉馅调味汁，搅拌均匀。3.将面团擀成大片。4.抹肉馅，切四刀。5.依次叠起，边缘捏好，不要露馅。6.电饼铛抹少许油，放入肉饼，选择肉饼|锅贴功能。7.盖好上盖。8.煎至肉饼两面金黄酥脆即可。9.切块。', 'menuImg/menu4.jpg', '1', '0');
INSERT INTO `menu` VALUES ('5', '红烧大虾', '主料:青虾400克，红烧汁适量 辅料:葱适量,干辣椒一小把,食用油适量,姜一小块,蒜3块', '1.虾清洗干净，用剪刀在虾背部从头剪到尾，挑出虾线。2.葱姜蒜切好。3.取一小碗，调入所有调味料和清水搅拌均匀备用。4.锅里倒入适量的油烧热,放入葱姜蒜煸香。5.倒入处理好的虾，翻炒至虾体开始变红时，倒入调好的红烧汁，拌匀盖盖焖5分钟。6.大火翻炒收汁，这时根据口味烹入盐，加入蒜瓣，辣椒油，翻炒均匀后再关火。', 'menuImg/menu5.jpg', '1', '0');
INSERT INTO `menu` VALUES ('6', '牛油果时蔬沙拉', '主料:牛油果1个,圣女果4颗,玉米(鲜)1小把,金枪鱼罐头20克,胡萝卜(红)1小把,秋葵4根 辅料:盐1克,黑胡椒粉少许,沙拉酱少许', '1.水烧开，秋葵切刀切好后一起放入胡萝卜粒和玉米粒，煮大约2分钟。2.捞起放入碗中。3.圣女果和牛油果切粒放入碗中。4.放入盐，洒少许黑胡椒粉拌匀。5.拌匀后盛入另外一个碗。6.放入金枪鱼，挤上沙拉酱。', 'menuImg/menu6.jpeg', '1', '0');
INSERT INTO `menu` VALUES ('7', '韭菜盒子', '主料:面粉300克,开水120,克冷水65克 辅料:油一勺盐,一撮鸡蛋,2个韭菜300克', '1.面粉中先加入开水，用筷子拌成絮状。2.然后加入冷水，用筷子拌匀后，揉成光滑的面团，用保鲜膜盖上，醒20分钟备用。3.韭菜切末，淋入适量的植物油，拌匀。4.鸡蛋液打散。5.锅中倒热油，倒入鸡蛋液，一边倒一边用筷子搅散，蛋液凝固后关火晾凉。6.将鸡蛋、肉末、韭菜末一起放入容器，加入盐，拌均匀。7.揉好的面团擀成长条后切成小剂子。8.将小剂擀成圆形。9.包入馅料。10.上下对折，边缘捏紧。11.再捏出花边。12.平底锅烧热倒入少许油，油热后放入韭菜盒子小火煎至底面金黄。13.沿着锅边倒入没过盒子一小半的水。14.盖上盖子，小火焖至水份收干，锅里发出吱吱的响声就表示盒子熟透了。15.韭菜盒子翻个面，将表面也煎出金黄的颜色。', 'menuImg/menu7.jpeg', '1', '0');
INSERT INTO `menu` VALUES ('8', '红枣糯米切糕', '主料:糯米适量,红枣适量 辅料:清水适量,白糖适', '1.糯米提前泡3-4小时。2.红枣去核，切成枣片。3.糯米留一些水，上锅蒸熟（类似蒸米饭）。4.红枣蒸20分钟左右。5.准备一个模具，或者大碗，底下垫上保鲜膜。6.最下面一层铺蒸好的糯米，压实，成品才好看。7.一层红枣，一层糯米，直到将所有食材用完。8.直接拿起保鲜膜，就可以成型了，包起来放入冰箱冷藏，或者自然晾凉。9.除去保鲜膜，就可以切片了。', 'menuImg/menu8.jpg', '1', '0');
INSERT INTO `menu` VALUES ('9', '香葱芝士小香排包', '主料:高筋面粉300克,香葱20克,鸡蛋1个,沙拉酱15克,碎芝士10克 辅料:白糖20克,黄油15克', '1.高筋面粉加入白糖，水鸡蛋，搅拌柔成团，在加入黄油柔出膜发至两倍大。2.发好的排气醒一会。3.分成小块。4.拿一小块擀成面皮。5.边边卷起。6.全部卷成长条。7.然后放烤盘二发。8.发好刷上鸡蛋液。9.挤上沙拉酱。10.撒上小葱花。11.在撒上碎芝士。12.上烤箱175度烤18分钟就可以从烤箱中拿出即可。', 'menuImg/menu9.jpeg', '1', '0');
INSERT INTO `menu` VALUES ('10', '凉拌蒜苔', '主料:蒜苔200克 辅料:辣椒油1勺,香醋1勺,砂糖半小勺,生抽1勺,盐少许,香油1勺', '1.蒜苔洗净，中间一切为二，嫩的部分用来凉拌。2.把蒜苔上半部分放入锅中焯水，水开后再煮2分钟。3.捞出后放入冷开水里。4.用牙签在蒜苔上均匀划几道，用手撕成条状。5.把撕好的蒜苔盘在盘子里。6.准备酱汁：小碗里加入盐、辣椒油、香醋、生抽、砂糖、香油搅拌均匀。7.淋在蒜苔上。', 'menuImg/menu10.jpg', '1', '0');
INSERT INTO `menu` VALUES ('11', '青汁冰激凌华夫饼', '主料:面粉适量,鸡蛋适量,盐适量,糖适量,朗姆酒适量,青汁粉适量,泡打粉适量', '1.鸡蛋加入细砂糖，电动打蛋器搅打至颜色发白，体积膨胀。2.加入酸奶、色拉油，搅拌均匀，筛入面粉、泡打粉、玉米淀粉。3.搅拌均匀，至无颗粒，成流动状态，将蛋糊倒入模具中。4.烤箱预热，上火180度，下火200度，中下层，烤20分钟(视自家烤箱情况而定)。5.将烤至金黄色的华夫饼倒扣在晾网上面，晾凉。6.盒装冰激凌取出，稍化下，方便操作，取一片华夫饼，中间涂抹上冰激凌。7.另一片夹上，略挤压，放入冰箱冷冻一小时后食用。', 'menuImg/menu11.jpg', '1', '0');
INSERT INTO `menu` VALUES ('12', '玛格丽特饼干', '主料:黄油100克,玉米淀粉100克,低筋面粉100克 辅料:熟蛋黄2个,食盐1克,白糖50克', '1.黄油切块软化。2.黄油软化以后，加入糖粉和盐，用打蛋器打发到体积稍微膨大，颜色稍变浅，呈羽毛状。3.倒入蛋黄，搅拌至无颗粒。4.低筋面粉和玉米淀粉筛入打发好的黄油里，用手揉成面团，揉好的面团的状态应该是略微偏干，用保鲜膜包好，放进冰箱冷藏1个小时。5.取出冷藏好的面团，取一小块，揉成小圆球，用大拇指按扁，出现自然的裂纹。6.依次做好所有小饼，放入烤箱中层，170度，15-20分钟，边缘稍微焦黄即可。7.凉后会非常酥香可口，成品香酥可口。', 'menuImg/menu12.jpg', '1', '0');
INSERT INTO `menu` VALUES ('13', '蒸蛋肉末', '主料:鸡蛋4个,肉末100克 辅料:食用油5毫升,蒜末5克,生抽5克,葱花5克,胡萝卜8克,香菇末8克,盐3克', '1.鸡蛋打散。2.加水搅匀。3.过滤。4.盖上保鲜膜。5.扎上小孔。6.隔水，大火蒸10分钟。7.倒入食用油、蒜末，大火爆香。8.倒入肉末，煸炒至变色。9.加生抽翻炒均匀。10.放葱花、胡萝卜、香菇末，加水，大火收汁。11.揭开保鲜膜，放上肉末。12.撒上葱花即可。', 'menuImg/menu13.jpeg', '1', '0');
INSERT INTO `menu` VALUES ('14', '春卷', '主料:葱5克,韭菜20克,猪肉末80克 辅料:生抽6克,胡椒粉1克,盐2克', '1.将卷心菜、胡萝卜、猪肉切成丝，香菇泡发后切丝备用。2.锅内加植物油倒入猪肉丝和水发香菇翻炒后加2克盐，装盘待用。3.另起锅，油热后炒胡萝卜丝。4.加入卷心菜丝继续翻炒并加入2克盐和味精。5.取一大碗倒扣一盘子，将炒好的胡萝卜卷心菜盛入(扣盘的作用是为了将菜汤沥干)。6.水烧开后，倒入绿豆芽焯水。7.绿豆芽捞起后倒入韭菜火上焯水。8.将豆腐丝小炒后装盘，至此，所有馅料均炒完备用。9.取一张春卷皮，展开在干净的圆盘里，放入适量的馅粒，平铺好。10.由馅料的一端，将春饼皮卷起。11.左右两端折拢包成枕头状。12.夹起即食，或再油炸一下更香。', 'menuImg/menu14.png', '1', '0');
INSERT INTO `menu` VALUES ('15', '鲐鱼小白菜', '主料:鲐鱼 配料:小白菜、粉丝、五花肉调料盐、味精、醋、糖、八角、花椒、葱、姜、蒜、花生油', '1.首先备齐所有的食材。2.把鲐鱼去除内脏后，用自来水反复冲洗干净。3.把洗净的鲐鱼，用刀切成大段。4.小米椒切丁，大蒜切薄片，小葱切成小段。5.小白菜用清水浸泡一会儿后，洗净用刀切成段。6.锅烧热后，倒入花生油烧至八成热时，炸香花椒和八角。7.这个时候放入豆瓣酱小火慢慢煸炒出香味。8.加入葱姜蒜，爆出香味。9.这个时候倒入啤酒。10.大火煮沸后。11.放入切段的鲐鱼。12.这个时候加入盐和白糖。13.再加入料酒调味。14.盖上锅盖大火烧开后，继续小火慢慢炖煮20分钟。15.看见汤汁变得越来越浓稠的时候。16.先加入小白菜帮继续炖煮。17.看见小白菜帮变色的时候，加入小白菜叶继续炖煮。18.看见小白菜变色断生的时候，加入切丁的小米辣，煮开即可关火。', 'menuImg/menu15.jpeg', '1', '0');
INSERT INTO `menu` VALUES ('16', '可乐鸡翅', '主料:鸡翅适量,可乐1听 辅料:葱段适量,料酒3克,老抽3克,盐3克,油适量', '1.备好食材，鸡翅冲洗干净，控净水。2.两面各划三刀，便于入味。3.锅内加入植物油，放入鸡翅煎到两面金黄，中途放葱、姜、八角一起煸出香味，加入料酒去腥。4.加入可乐和清水。5.可乐和水的比例为2：1，量为鸡翅的2/3左右，加入酱油半汤匙提色，大火烧开转中小火烧制。6.加入盐，烧到鸡翅熟透、入味。7.汤汁很少即可关火出锅。', 'menuImg/menu16.jpg', '1', '0');
INSERT INTO `menu` VALUES ('17', '炸酱面', '主料:黄酱800克,五花肉400克,酱油100克,盐适量,面条600克 辅料:大葱半根,鲜姜一小块,植物油60克,黄瓜两根', '1.稀黄酱、三七开的肥瘦肉丁或者肉馅准备好，姜葱切成末。2.锅中多放些油，入葱姜末小火炸黄出香味。3.先入肥肉丁，煸炒出油。4.再倒入瘦肉丁，煸炒出香味，肉变色。5.倒少量酱油调色，盛出备用。6.将黄酱倒入锅中，适当加些清水，小火慢慢熬。7.可倒入酱油或者老抽来调调颜色。8.熬到浓稠时，倒入煸炒好的肉丁，根据口味决定是否加盐，搅拌均匀即可出锅。9.熬好的酱色泽金红，酱香浓郁。10.面条可以是手擀面也可以是外买的切面。11.面条入开水锅中煮熟，捞出过凉水。12.黄瓜切成细丝，舀入适量的炸酱。13.拌匀即可食用，如果喜食辣，再来几瓣大蒜，或者辣椒油更添美味。', 'menuImg/menu17.png', '1', '0');
INSERT INTO `menu` VALUES ('18', '面包朵朵开', '主料:高筋面粉100克,牛奶60克,细砂糖18克 辅料:奶粉5克,酵母粉1克,全蛋液10克,黄油10克,色素适量', '1.把主料中除馅以外的材料放入面包桶，拌均匀，注意酵母不要跟盐直接接触2.把面团揉至厚膜即可。3.把面团分小份，搓圆，馅料平均分。4.取一面团擀平，不要太薄。5.把馅包进去，捏紧。6.压扁，再用刮板边上平均切成6等份，记住中间不要切断。7.平铺放入烤盘发酵8.发酵到1.8倍，取出来把准备的蛋液用刷子涂刷到面包表面，再在中间心撒适量芝麻做为装饰，同时烤箱预热190度。9.把发酵好的面包放入烤箱，190度烘烤大概18-20分钟，时间温度不是绝对的，自己按烤箱的脾性设置和烘烤。10.看上色好就可以出炉了。\r', 'menuImg/menu18.jpg', '1', '0');
INSERT INTO `menu` VALUES ('19', '芒果奶油盒子蛋糕', '主料:八寸戚风蛋糕1个,淡奶油400克,绵白糖40克 辅料:芒果1个,山楂果酱', '1.先做蛋黄糊：蛋黄和蛋白分开，蛋黄加糖用打蛋器打到蛋黄发白糖融化，再依次加入油、牛奶搅拌均匀，筛入低粉，搅拌均匀。2.蛋白加几滴柠檬和白醋打至粗泡，分次加细砂糖打至湿性状态。3.取1/3蛋白加入蛋黄糊切拌均匀，倒入全部蛋白切拌均匀。4.倒入烤盘（垫油纸），震几下，入预热180度烤箱中层烤制18分钟。5.可以多烤几分钟蛋糕表面烤老一点，倒扣时不粘网。6.出炉后把油纸连同蛋糕移到晾网上。7.稍晾一会倒扣，这样不容易粘去表皮。8.200克淡奶油加20克糖打发成奶油状。9.量一下盒子的尺寸，把蛋糕切成片。10.准备好芒果粒，先放一片蛋糕在盒子底部。11.抹一层奶油在蛋糕片上。12.放入芒果粒。13.重复步骤一次，放上一片蛋糕。14.抹上奶油。15.放入芒果粒，美味盒子蛋糕就做好了。', 'menuImg/menu19.jpeg', '1', '0');
INSERT INTO `menu` VALUES ('20', '孜然小土豆', '主料:土豆540克,葱花20克,橄榄油10克,盐适量 辅料:花椒粉适量,孜然粉适量,辣椒粉适量', '1.小土豆个头小，一大堆才一斤多。2.小土豆用水泡20分钟，搓洗掉土豆外皮上的泥土，最好用刷子刷一下土豆的凹槽3.小土豆放电饭煲里隔水蒸熟，用蒸煮程序，时间大概20-30分钟，具体时间视小土豆的大小而定。4.小土豆蒸熟以后，用牙签能轻松穿透就是熟透了，小土豆取出放凉。5.小土豆用刀背轻轻的压一下，别太用力，有几个一开始没控制好力度，感觉都要成土豆泥了，不想吃土豆皮的可以慢慢的把皮剥掉，不过带皮的小土豆煎过更香一些。6.葱花切小段，长短自己喜欢就行。7.平底锅上刷一层橄榄油，放入压扁的小土豆小火慢慢煎。8.撒上盐和白胡椒粉，我用的煎锅比较大，一次可以煎很多的小土豆，如果家里的锅小，可以分次煎，建议用不粘锅煎，比较省事，刷锅也容易。9.小土豆煎到闻到香味，翻面继续煎到两面金黄，撒上辣椒粉和孜然粉，葱花就可以出锅了。10.小土豆蒸熟了煎一下直接端上桌，连米饭都省了。', 'menuImg/menu20.jpeg', '1', '0');
INSERT INTO `menu` VALUES ('21', '肉松沙拉', '主料:白糖33克,水18克 盐1克 玉米油38克 ,低筋面粉37克 ,玉米淀粉14克 ,纯牛奶19克 ,鸡蛋黄75克 ,鸡蛋清150克, 柠檬汁3滴 ,白糖65克, 沙拉酱适量, 葱花适量, 肉松适量', '1.一个鸡蛋清打成硬性发泡状态。2.香蕉加少许牛奶打成泥，加入蛋黄和剩余的牛奶。3.加入融化的黄油。4.筛入低筋面粉。5.搅拌成糊状。6.将蛋黄糊和打发好的蛋白混合翻拌均匀。7.将面糊装入裱花袋中。8.不沾平底锅开最小火，不用放油直接将面糊挤入锅中。9.当面糊表面出现许多细密泡泡，泡泡破裂后就可以翻面了，稍煎片刻即可出锅。10.对半切开，装饰自己喜欢的水果和果干，表面挤入丘比沙拉酱。', 'menuImg/menu21.jpeg', '1', '0');
INSERT INTO `menu` VALUES ('22', '玫瑰奶油蛋糕', '主料:鸡蛋4个,低筋面粉80克,牛奶70克白糖50克,玉米油40克 辅料:芒果1个玫瑰花2朵,淡奶油600克,白糖60克', '1.所有材料称重备用，鸡蛋蛋黄和蛋清分开。2.玉米油牛奶蛋黄一起搅拌均匀筛入底筋面粉拌匀，蛋黄糊就好了。3.蛋清加入白糖打发成干性发泡。4.分三次把蛋白霜加入到蛋黄糊中翻拌均匀。5.把拌好的蛋糕糊缓缓的倒入到8寸模具中，震几下把大的气泡震出。6.烤箱200度预热150度10分钟，160度50分钟中间加盖锡纸，烤好那拿出晾凉，脱模即可。7.把蛋糕分成两片。8.淡奶油加白糖打发。9.把一片蛋糕抹上奶油。10.撒上芒果粒，再抹一层奶油。11.盖上另一片蛋糕，抹面，然后用裱花嘴挤出花朵，点缀糖珠。12.用盐水泡过的玫瑰片装饰即可。', 'menuImg/menu22.jpg', '1', '0');
INSERT INTO `menu` VALUES ('23', '虾仁西红柿', '主料:番茄酱2个,调料鸡蛋2个,虾仁适量', '1.西红柿切好，蛋加适量水加散虾仁洗好。2.锅内放油，倒入蛋，炒熟盛到碗中备用。3.锅内再倒适量油，倒入虾仁翻炒到变色。4.倒入切好的柿子，加适量盐翻炒。5.柿子变软要出锅之前加入炒好的蛋，再翻炒一会。6.装盘出锅。', 'menuImg/menu23.jpg', '1', '0');
INSERT INTO `menu` VALUES ('24', '巧克力蛋糕', '主料:核桃仁35克,细砂糖55克,全蛋液75克,牛奶55克,低筋粉60克,黄油55克,黑巧克力40克,可可粉15克,小苏打粉1/4小勺,泡打粉1/2小勺', '1.备齐材料。2.将35克熟核桃仁和砂糖放入搅拌机里打磨成核桃糖粉。3.将核桃糖粉放入容器中，倒入蛋液。4.搅拌至没有颗粒的顺滑状。5.倒入牛奶。6.搅拌至顺滑无颗粒。7.低筋粉，可可粉、小苏打粉、泡打粉混合均匀。8.过筛至蛋糊中。9.搅拌至顺滑无颗粒状，注意不要划圈搅拌，以划“之”的方式搅拌，以免面糊出筋。10.黄油和黑巧克力切小块放入小碗中。11.隔水加热至融化，并且搅拌均匀，注意底下盆里的水温控制在50-60摄氏度之间。12.将黄油巧克力液倒入面糊中。13.以不规则的手法拌匀，至顺滑无颗粒状。14.水果条模具内壁刷上一层融化黄油。15.将面糊倒入模具中。16.表面撒上适量核桃碎。17.放入预热好的烤箱中进行分烘烤。18.上下管170度，底层，40分钟。19.烤好后立刻出炉。20.放到烤网上晾凉，切片，装入保鲜盒冷藏保存。', 'menuImg/menu24.jpg', '1', '0');
INSERT INTO `menu` VALUES ('25', '豆沙饼', '主料:面粉240克,水125克,酵母1克 辅料:红小豆350克,水1000克,黄油65克,糖85克', '1.红小豆洗干净，加入600克水，放入电饭锅，选择米饭档，煮好的豆子，很饱满，水也几乎焖干了。2.煮好的豆子放入苏泊尔破壁料理机内，加入大约不少于400克的水，如果水太少的话，搅拌的时候可能会搅拌不动。破壁机选择沙冰或者奶昔程序，搅打1分钟，豆沙就很细腻了。3.打好的豆沙，加入黄油和白糖，放入不粘锅，炒大约20分钟就可以了，炒好的豆沙，不会湿哒哒的粘锅，会跟着铲子移动。4.炒好的豆沙馅，分成50克的分量，总共用了300克豆沙。5.面团的 材料全部放在一起揉成团，发酵成2倍大。6.发酵好的面团再次揉一会，分成6份，醒发一会，待会做6个豆沙饼。7.6个面团全部擀成厚度均匀的饼。8.擀好的饼胚包上豆沙，收口捏紧。9.再按一下，就成为豆沙饼了，醒发一会。10.电饼铛不放油，放入豆沙饼。11.饼可以再略微按薄一些，然后盖上电饼铛的盖子。12.大约8分钟，打开电饼铛的盖子，饼就烙好了。', 'menuImg/menu25.jpg', '1', '0');
INSERT INTO `menu` VALUES ('26', '肉末豆腐', '主料:豆腐1块,猪肉馅30克 辅料:油适量,盐2克,葱花5克,姜末3克,蒜末5克,料酒5克,豆豉香辣酱10克,蚝油10克,鲜酱油5克,老抽1克,糖2克,玉米淀粉30克', '1.备好食材：豆腐和肉末。2.玉米淀粉、葱花、姜末。3.豆腐切小方块。4.将豆腐块裹上淀粉。5.放入油锅，中小火煎制金黄捞出备用。6.豆腐煎好后留少许底油，放入肉末小火煸炒。7.肉末炒制片刻倒入料酒、姜末和一半的葱花炒香。8.跟着放入蚝油、鲜酱油、老抽、糖和豆豉香辣酱翻炒片刻。9.倒入适量清水。10.水开后下入豆腐块，用锅铲轻推几下，盖上盖子小火煮制。11.待汤汁浓稠后放入剩下的葱花，炒匀即可出锅，趁热吃味道特别好。', 'menuImg/menu26.jpeg', '1', '0');
INSERT INTO `menu` VALUES ('27', '土豆丝炒肉', '主料:土豆1个,青椒1个,红椒1个,猪肉100克 辅料:香葱1根,食用油5毫升,鸡粉3克,盐2克,白砂糖3克,生抽3克,蚝油3克', '1.土豆去皮切丝、青椒切丝、青葱切末、红椒切丝、猪肉切丁。2.起锅将清水煮沸，放入土豆丝焯水30秒。3.另起锅烧油，倒入食用油、加葱末、猪肉，炒至变色。4.倒入土豆丝、青椒、红椒、鸡粉、盐、白砂糖、生抽、蚝油，翻炒均匀。5.装盘出锅，即可食用。\r', 'menuImg/menu27.jpeg', '1', '0');
INSERT INTO `menu` VALUES ('28', '小白菜培根饭卷', '主料:培根6片,小白菜300克,米饭120克 辅料:玉米粒适量,盐适量,黑芝麻适量,火腿肠适量,味精适量,紫菜适量', '1.小白菜摘洗干净入水焯。2.备好培根、紫菜、火腿肠。3.备好米饭、玉米粒、黑芝麻，新鲜玉米煮熟后剥粒。4.小白菜焯后过凉，挤干水，切碎与米饭放在同一容器中。5.添加玉米粒、黑芝麻搅拌均匀。6.添加切碎的紫菜、火腿肠、盐、味精搅拌均匀，饭卷馅料就好了。7.取适量饭卷馅料，捏成圆柱形，放在一切为二的培根上。8.从一侧卷起。9.卷好用牙签固定。10.电饼铛加热，培根饭卷入铛煎，不盖铛盖，适时翻动。煎熟盛出，即可享用营养丰富的小白菜培根饭卷。', 'menuImg/menu28.jpg', '1', '0');
INSERT INTO `menu` VALUES ('29', '肉松面包卷', '主料:面粉250克,白砂糖30克,牛奶140克 辅料:肉松适量,白芝麻适量,小葱2棵,鸡蛋半个,盐2克,黄油30克', '1.牛奶放入容器中。2.加入鸡蛋、白糖、盐,最后倒入面粉和酵母。3.厨师机选择一档揉面，揉成团之后改二挡。4.黄油切成块，室温融化。5.面团揉出筋之后倒入黄油。6.继续揉面，揉15分钟左右，出手套膜。7.面团取出来放到容器中，盖保鲜膜发酵。8.发至两倍大小，手指蘸干面粉从中间摁下去会有一个不会回缩的孔，代表面团发酵完成。9.取出面团，放在揉面垫上，进行排气。10.擀成长方形。11.烤盘上垫上一张油纸。12.擀好的面放在烤盘上。13.用叉子扎出一些孔。14.放入烤箱中，底端放一盆开水，进行二次发酵。15.小葱洗干净切成段。16.烤箱180度上下火预热。17.二发好的面上面刷一层蛋黄液。18.撒上香葱和白芝麻。19.放入预热好的烤箱。20.180度烤12分钟即可。21.程序结束后，取出烤好的面包，喷上一些水，用保鲜膜盖住，这样保证面包表皮的湿度，卷的时候才不会开裂甚至断开。22.面包晾凉之后，倒扣，两端用刀划一下，不要划断。23.刷一层沙拉酱，撒上肉松。24.将面包卷起来，用油纸紧紧包裹，两端拧紧进行定型。25.约5分钟后，去掉油纸，将面包切成段。26.两端刷上沙拉酱，蘸上肉松即可。', 'menuImg/menu29.jpeg', '1', '0');
INSERT INTO `menu` VALUES ('30', '培根金针菇', '主料:金针菇适量,培根适量 辅料:蚝油15克,生抽25克,糖10克,盐10克', '1.金针菇洗干净，去掉根部，控水待用。2.培根冲洗一下。3.切成三段。4.金针菇切成与培根一样宽的段。5.用培根将金针菇卷起来，牙签固定。6.放到烤盘上。7.烤箱180度预热。8.放入烤盘，根据个人烤箱温度，烤15分钟左右即可。9.喜欢加佐料的可以撒一些孜然黑胡椒辣椒粉什么的，加一点点白芝麻口感更好。', 'menuImg/menu30.jpg', null, '0');
INSERT INTO `menu` VALUES ('31', '酸菜鱼', '主料:蛋清1个,草鱼片500克 辅料:淀粉5克,油8毫升,姜丝适量,葱适量,酸菜500克,鸡粉3克,老抽5克,胡椒粉1克', '1.准备好所需要的原料，酸菜切块。2.把鱼去头，刀倾斜着片掉鱼骨，剩下净鱼肉。3.用水把鱼冲一下，洗干净，刀斜40度，从尾部开始片鱼，方向是刀刃朝向尾部，片成鱼片。4.片好的鱼片，放1汤匙盐搓洗，用水冲洗成晶莹透明的鱼片。5.鱼片用盐、白胡椒粉、1个鸡蛋清和3茶匙干淀粉腌制。6.用手抓拌均匀，腌制20分钟。7.鱼头鱼骨洗净血污备。用8.酸菜焯水，捞出备用。9.干红辣椒切小断，葱切大断儿，姜切片，蒜切片。10.锅里放油，炒香葱、姜、蒜。11.下入鱼头鱼尾鱼骨块鱼皮炒变色。12.放入酸菜继续炒一两分钟。13.放足量开水，大火烧开，中火煮20分钟到鱼汤白，放入盐调味。14.捞出鱼头和酸菜等等，捞出来铺在盆底。15.大火烧开鱼汤，鱼片一点点放入。16.鱼片7、8成熟捞出放在盆上面。17.倒入鱼汤。18.锅里放油，凉油放入花椒和辣椒，小火烧，辣椒变得油亮干酥。19.花椒和辣椒捞出放在鱼片上，青椒撒在鱼片上，油大火烧冒烟，浇在鱼片上即可。', 'menuImg/menu31.png', null, '0');
INSERT INTO `menu` VALUES ('32', '红烧排骨', '主料:猪肋排500克 辅料:食用油10毫升,冰糖15克,八角适量,香叶适量,姜适量,生抽5克,老抽3克,盐3克,葱适量,水150毫升', '1.准备好所需食材，排骨用清水浸泡5分钟后，冲洗几遍去除血水。2.排骨凉水入锅，同时放入料酒和姜片，水开后焯1分钟，凉水入锅可以使血水更好的浸出，去除腥味和杀菌。3.将排骨捞出，用凉水冲洗干净，然后控干水分备用，凉水冲洗会让肉更紧致有弹性。4.炒锅烧热，注入植物油。5.放入冰糖，小火加热不停搅拌，炒糖色一定要用小火，火大容易炒糊，用冰糖炒糖色不仅颜色红亮口感要比砂糖好。6.冰糖溶化后有小泡泡冒出并变成红棕色即可，不要熬得太久不然会产生焦糊的苦味，影响菜肴的口味。7.在所有冰糖完全起泡时一瞬间将排骨下入锅中，翻炒均匀，可以更好的上色并锁住排骨的水分，吃起来口感细腻、鲜嫩可口，不像干柴一样。8.放入葱白、八角、香叶、朝天椒、姜片继续翻炒。9.加入开水，没过排骨即可（冷水易造成肉质紧缩不易入味），再加入生抽、老抽。10.大火烧开后，转小火炖煮30分钟左右，中间打开搅拌2次，观察下收汁情况，以防糊锅。11.待锅中剩余1/3汤汁时，加白砂糖搅拌均匀，再加入盐调味。12.大火收汁，期间不停翻炒，使汤汁均匀裹到排骨表面。13.如果想让成品瞬间高大上，建议用纯白色盘子盛出，撒少许香葱花和朝天椒圈装饰，大功告成。', 'menuImg/menu32.png', null, '0');
INSERT INTO `menu` VALUES ('33', '香辣小龙虾', '主料:小龙虾1000克,啤酒500毫升,黄瓜一根,小龙虾调味料一包 辅料:大蒜2瓣,生姜适量,小米椒4个,鸡精适量', '1.先把小龙虾放入水斗里，注入清水，等浑浊了再换清水，反复几次至水清为止。2.把小龙虾抓起，这样抓哦，任凭它张牙舞爪也不会伤到手，把尾部中间的肠线抽出，抽的时候用手左右捏一下，这样就很容易抽出了。3.再用刷子，边刷边用流动水冲洗干净。4.备好调料（花椒 小葱 干辣椒 蒜片 生姜片 和郫县豆瓣酱）。5.热锅倒入油，温油先把花椒爆香，等油热后再把郫县豆瓣酱炒出香味后把姜片，蒜片和干辣椒倒入炒匀。6.把小龙虾倒入翻炒至变色倒入黄酒，也可以用料酒或者啤酒代替。7.加入生抽和老抽翻炒均匀后再倒入热水，水量能浸没龙虾，加盖大火烧开后转中火。8.烧到小龙虾熟透后倒入葱花熄火，不要急于捞起，在汤汁里浸泡一段时间会更加的入味。', 'menuImg/menu33.png', null, '0');
INSERT INTO `menu` VALUES ('34', '麻婆豆腐', '主料:豆腐500克 辅料:郫县豆瓣20克,豆豉10克,生姜1块,蒜2瓣,蒜苔1棵,植物油15克,食盐3克,酱油10克,高汤150克,牛肉50克,辣椒粉4克,花椒20粒,水淀粉20克', '1.豆腐切1厘米见方的小块。2.肉末剁好。3.花椒和麻椒冷油下锅，慢火2到3分钟爆出香味后捞出扔掉。4.锅里底油放入蒜末和郫县豆瓣酱小火翻炒1到2分钟。5.然后放入肉末翻炒至熟。6.炒熟的肉末加入1小碗半开水煮2到3分钟。7.然后加入豆腐块，不要用铲子翻板，轻轻的将豆腐推开即可，在煮4到5分钟，让豆腐完全入味。8.出锅前加入少许淀粉水，让汤汁更加浓稠，这道菜不用加盐，因为郫县豆瓣里的咸味已经足够了，如果喜欢更加麻辣的口感，可以加入少许椒盐。9.在豆腐上撒点葱花即可。', 'menuImg/menu34.png', null, '0');
INSERT INTO `menu` VALUES ('35', '小酥肉', '主料:红薯淀粉80克,鸡蛋2个,瘦肉适量 辅料:花椒碎2克,盐2克,油适量,胡椒碎适量', '1.自制花椒粉，一定要现磨的才香。不粘锅焙干花椒。2.捣碎，不用太细腻。3.猪里脊肉切成薄片，大约3毫米厚。4.肉片里面放入一半用量的盐和花椒粉。抓匀，腌制一会儿。5.红薯淀粉放入两个鸡蛋，我用的玉米淀粉，最好是红薯淀粉。6.搅拌均匀，如图，蛋糊顺利滴落，但纹路不会马上消失。这个状态最好。7.放入另一半的盐和花椒粉。拌匀。8.把腌好的肉片放入蛋糊里面。9.锅内放油。油温六成热。就是把筷子放入油锅，筷子周围有密集的小泡泡出现。10.一片一片的放入肉片，小火炸。11.炸到两面微微发黄捞出。这样状态就可以做汤做菜，吃火锅了，也可以冷冻起来。12.如果干吃，就等油温升高，进行二次复炸。炸到两面金黄就好了，不超过一分钟。', 'menuImg/menu35.png', null, '0');
INSERT INTO `menu` VALUES ('36', '小炒羊肉', '主料:羊腿肉200克 辅料:葱5克,腌肉料20克,鸡精', '1.羊肉切片，蘸上干淀粉2.香菜切段3.胡萝卜擦丝，洋葱切片4.锅内放油，下入羊肉片5.炒到羊肉变色，放入盐，孜然，辣椒调味6.放入洋葱和胡萝卜7.放入香菜8.翻炒均匀', 'menuImg/menu36.png', null, '0');
INSERT INTO `menu` VALUES ('37', '干锅鸡翅', '主料:鸡翅中300克,竹笋150克,莴笋150克 辅料:油25克,蒜10克,豆瓣酱2汤匙,生姜7克,葱花5克,白糖5克,黄酒20克,盐3克', '1.备好食材，鸡翅改刀，香菇切块，大葱切段，土豆切片。2.热锅下油比正常炒菜的时候都放一点油，放入鸡翅，下火煎至金黄，捞出备用。3.用剩下的油煎至土豆香菇，煎至土豆表面焦黄捞出。4.继续用锅中的底油加入蒜炒制金黄，加入辣椒五香粉，炒出香味。5.加入一勺甜面酱，一勺海鲜酱油，鸡翅，葱段翻炒均匀。6.加入土豆和香菇翻炒均匀后加入盐，鸡精7.小火翻炒，收汁出锅。', 'menuImg/menu37.png', null, '0');
INSERT INTO `menu` VALUES ('38', '干煸肥肠', '主料:熟肥肠400克,蒜苗2根 辅料:植物油适量,盐适量,豆瓣酱', '1.肥肠冷水下锅倒入准备好的香料。2.煮60分钟。3.肥肠切段下锅煸香。4.倒入生姜大蒜青蒜洋葱。5.倒入豆瓣酱辣椒盐生抽翻炒均匀。', 'menuImg/menu38.png', null, '0');
INSERT INTO `menu` VALUES ('39', '香辣虾', '主料:虾320克，香辣酱30克，洋葱60克，青辣椒两个 辅料:生姜两片，蒜1个，食用油适量，盐少量', '1.准备食材，辣椒可以根据自家口味调整。2.虾挑出虾线，剪掉虾须冲洗干净控干水分备用。3.生姜，蒜，辣椒，洋葱切好备用。4.锅中倒入食用油烧热。5.放入洋葱，蒜，生姜翻炒出香味。6.加入香辣酱翻炒。7.这一步多炒一会炒均匀。8.倒入提前准备的虾。9.翻炒几下，根据自己口味添加盐。10.翻炒均匀焖烧五分钟。11.加入青辣椒翻炒均匀。12.出锅装盘。13.撒葱花即可食用。', 'menuImg/menu39.png', null, '0');
INSERT INTO `menu` VALUES ('40', '干锅排骨', '主料:虾320克,香辣酱30克,洋葱60克,青辣椒两个 辅料:生姜两片,蒜1个,食用油适量,盐少量', '1.姜蒜，洋葱切片，小米椒，线椒切圈。2.排骨冷水入锅，加入香葱，料酒，焯水去腥去血沫。3.倒入排骨，加入生抽，淀粉，搅拌均匀。4.锅中倒油，油温烧至七成熟，倒入排骨，小火炸至金黄。5.锅中倒油，加入洋葱，大火爆香。6.锅中倒油，加入蒜片，姜片，干辣椒，小米椒，线椒，十三香，香辣酱，大火爆香。7.倒入排骨，盐，翻炒均匀。', 'menuImg/menu40.png', null, '0');
INSERT INTO `menu` VALUES ('41', '干炸带鱼', '主料:带鱼400克 辅料:食用油300克,盐3克,料酒1汤匙,胡椒粉少许,玉米淀粉50克,孜然粉少许,姜1块', '1.带鱼洗净切段，加盐、料酒、胡椒粉、姜丝抓匀腌制一晚。2.腌制好的带鱼倒去汁水，裹一层玉米淀粉。3.温油入锅，中火炸制。4.等炸到一面焦黄后翻面即可。', 'menuImg/menu41.png', null, '0');
INSERT INTO `menu` VALUES ('42', '酸辣粉', '主料:红薯粉丝100克 辅料:盐少许,酱油适量,辣椒油适量,醋适量,食用油适量,姜少许,蒜少许,花生米少许,榨菜少许,花椒粉少许,香菜少许,白糖少许,味精少许,空心菜少许', '1.用温水将红薯粉浸泡半小时。2.将浸泡好的红薯粉放锅里煮熟。3.煮好的红薯粉放凉水泡一会捞出放碗里。4.花生在锅里炒香，盛出备用。5.空心菜放入沸水焯熟备用。6.取一碗放入适量凉开水，用压蒜器压入姜、蒜泥。7.加入盐、酱油、花椒粉、醋、白糖、味精、鸡精调成料汁备用。8.锅里放油，加入火锅调料、辣椒油慢火煸出红油。9.将调好的料汁倒入拌匀，然后淋在红薯粉上。10.加入炒好的花生米、榨菜、香菜、空心菜即可。\r', 'menuImg/menu42.png', null, '0');
INSERT INTO `menu` VALUES ('43', '椰香咖喱鸡中翅', '主料:鸡翅中500克 辅料:油15毫升,料酒20毫升,盐3克,小葱适量,油咖喱2汤匙,椰浆2汤匙,生姜6克', '1.鸡中翅洗净后沥干水分。2.准备油咖喱，料酒，姜片，小葱的葱白和葱叶分别切段。3.用刀把鸡中翅分别斜切2刀。4.热锅倒入底油。5.温油下入鸡中翅煸炒至表面全部变色。6.加入料酒煸炒均匀。7.再把葱白和姜片加入。8.加入油咖喱煸炒至鸡翅裹上咖喱。9.加入盐煸炒均匀。10.加入开水水量和食材平，盖上大火烧开后转中小火20分钟。11.打开入椰浆煮至汁水浓稠后熄火出锅。12.撒上葱花上桌。\r', 'menuImg/menu43.png', null, '0');
INSERT INTO `menu` VALUES ('44', '猪血鸡杂煲', '主料:猪血4两,鸡心2两,鸡肝2两,鸡肝2两 辅料:姜适量,蒜适量,小米椒适量,青花椒适量', '1.鸡杂焯水，猪血焯水后捞沥冲水备用。2.炒香青花椒小料，加水调基本味辣妹子，烧开后倒入鸡杂，调入耗油，胡椒粉，老抽上色 慢烧几分钟。3.出锅前调点香油 上面撒上葱花即。', 'menuImg/menu44.png', null, '0');
INSERT INTO `menu` VALUES ('45', '韭菜炒河虾', '主料:河虾250克,韭菜100克 辅料:姜2片,玉米面(黄)1把,油2勺,盐小勺', '1.小河虾多过几次清水洗净。2.河虾沥水备用，准备适量玉米面。3.把玉米面均匀地撒在河虾上面。4.拌匀。5.韭菜洗净切成小段，姜切丝备用。6.热锅热油，炒香姜丝。7.倒入拌好玉米面的河虾，大火翻炒至变色后继续翻炒两分钟左右，让水气炒出一部分来，这样河虾的口感酥脆适中。8.撒上韭菜段，调入适量盐，翻炒不超过10秒即可关火，这一步的时间不要长，因为韭菜非常容易成熟，一旦炒的时间过长，既影响了外观，又影响了口感。', 'menuImg/menu45.png', null, '0');
INSERT INTO `menu` VALUES ('84', '555', '5555', '5555', 'menuImg/1585575797032.png', '3', '0');

-- ----------------------------
-- Table structure for `menucollection`
-- ----------------------------
DROP TABLE IF EXISTS `menucollection`;
CREATE TABLE `menucollection` (
  `userId` int(30) NOT NULL,
  `collectId` int(30) NOT NULL,
  PRIMARY KEY (`collectId`)
) ENGINE=InnoDB DEFAULT CHARSET=latin1;

-- ----------------------------
-- Records of menucollection
-- ----------------------------
INSERT INTO `menucollection` VALUES ('3', '2');

-- ----------------------------
-- Table structure for `menucomment`
-- ----------------------------
DROP TABLE IF EXISTS `menucomment`;
CREATE TABLE `menucomment` (
  `userId` int(30) NOT NULL,
  `menuId` int(30) NOT NULL,
  `comment` varchar(500) CHARACTER SET utf8 NOT NULL,
  `commentId` int(30) NOT NULL AUTO_INCREMENT,
  PRIMARY KEY (`commentId`)
) ENGINE=InnoDB DEFAULT CHARSET=latin1;

-- ----------------------------
-- Records of menucomment
-- ----------------------------

-- ----------------------------
-- Table structure for `springcollection`
-- ----------------------------
DROP TABLE IF EXISTS `springcollection`;
CREATE TABLE `springcollection` (
  `userId` int(30) NOT NULL,
  `collectId` int(30) NOT NULL,
  PRIMARY KEY (`collectId`)
) ENGINE=InnoDB DEFAULT CHARSET=latin1;

-- ----------------------------
-- Records of springcollection
-- ----------------------------

-- ----------------------------
-- Table structure for `springcomment`
-- ----------------------------
DROP TABLE IF EXISTS `springcomment`;
CREATE TABLE `springcomment` (
  `userId` int(30) NOT NULL,
  `menuId` int(30) NOT NULL,
  `comment` varchar(500) CHARACTER SET utf8 NOT NULL,
  `commentId` int(30) NOT NULL AUTO_INCREMENT,
  PRIMARY KEY (`commentId`)
) ENGINE=InnoDB AUTO_INCREMENT=4 DEFAULT CHARSET=latin1;

-- ----------------------------
-- Records of springcomment
-- ----------------------------
INSERT INTO `springcomment` VALUES ('3', '1', '123', '2');
INSERT INTO `springcomment` VALUES ('3', '1', '456', '3');

-- ----------------------------
-- Table structure for `springmenu`
-- ----------------------------
DROP TABLE IF EXISTS `springmenu`;
CREATE TABLE `springmenu` (
  `menuId` int(20) NOT NULL AUTO_INCREMENT,
  `menuName` varchar(40) CHARACTER SET utf8 NOT NULL,
  `menuMaterial` varchar(300) CHARACTER SET utf8 NOT NULL,
  `menuContent` varchar(1500) CHARACTER SET utf8 NOT NULL,
  `pic` varchar(60) NOT NULL,
  `userId` int(20) DEFAULT NULL,
  `type` int(10) DEFAULT NULL,
  PRIMARY KEY (`menuId`)
) ENGINE=InnoDB AUTO_INCREMENT=31 DEFAULT CHARSET=latin1;

-- ----------------------------
-- Records of springmenu
-- ----------------------------
INSERT INTO `springmenu` VALUES ('1', '韭菜猪红汤', '主料:韭菜2两 调料:食盐适量,姜1块,调和油适量,胡椒粉适量', '1.韭菜摘洗干净后，切成寸段备用。2.枸杞洗净，沥水备用。3.猪血洗净后，切成小块备用。4.起锅烧适量清水，加入盐、姜片。5.加入猪血，大火烧开后转中火煮2分钟。6.2分钟后加入韭菜，大火煮沸后再煮1分钟左右。7.调入胡椒粉和味精，拌匀煮沸。8.加入枸杞，淋入香油拌匀即可。9.盛出装入容器中。', '/springimages/img1.png', null, '1');
INSERT INTO `springmenu` VALUES ('2', '苦瓜牛肉', '主料:苦瓜1个,牛肉100克 辅料:酱油1勺,盐适量', '1.苦瓜中间剖开，去籽后切片，里面白色瓤的部分去不去掉都可以，去掉可以少一点苦涩感。2.苦瓜切片后放入碗中，撒盐，杀一下苦水，挤一下苦水之后需要把水倒掉，不然菜品会有苦涩感。3.肉切小细丝~我家吃肉除了红烧肉在基本上只吃牛肉，牛肉吃比较不容易胖，相对于健康。4.铁锅烧热，加植物油，基本上家中炒菜的油就可以牛肉丝下锅，稍微成型后翻炒，避免肉不成熟导致粘锅，肉断裂成碎末。5.肉丝翻炒几下，变白之后，就可以加一点酱油，肉丝比较细比较容易成熟，翻炒几下就可以了。6.把苦瓜片倒入锅中，和锅中的酱油一起翻炒均匀，苦瓜稍微成熟后就可以装盘出锅啦。\r', '/springimages/img2.png', null, '1');
INSERT INTO `springmenu` VALUES ('3', '玉米排骨莲藕汤', '主料:排骨300克,莲藕1节,甜玉米1根 辅料:生姜1块,盐适量,小葱1根,米酒汁1小勺,开水适量', '1.莲藕去皮切块。2.用盐腌制10分钟，玉米洗净切成小段。3.排骨冷水入锅，放入姜片，1勺料酒，水煮开后捞出。4.将排骨，姜片，葱段放入锅中。5.加入清水，大火煮开。6.煮开后放入莲藕和玉米，小火炖一小时。7.出锅前加入适量的盐即可。', '/springimages/img3.png', null, '1');
INSERT INTO `springmenu` VALUES ('4', '韭菜炒春笋', '主料:韭菜适量,春笋适量 辅料:生抽适量,盐适量', '1.将竹笋剥好洗净。2.将竹笋切丝备用。3.将竹笋倒入开水锅中焯一下，要焯至7-8分熟，捞出备用。4.将小米椒洗净切好备用。5.将韭菜洗净切段备用。6.将锅洗净烧干，倒入适量油烧热。7.将小米椒和笋子倒入锅中翻炒片刻。8.将韭菜倒入锅中，快速翻炒至断生。9.加入适量的盐，翻炒均匀入味即可。10.装盘。\r', '/springimages/img4.png', null, '1');
INSERT INTO `springmenu` VALUES ('5', '韭菜肉松春卷', '主料:猪肉100克,韭菜100克,春卷皮12张,金针菇60克 辅料:黄豆酱半茶匙,盐1克,糖2克,生姜3克,生粉5克,植物油适量', '1.韭菜、金针菇切长段，肉、姜切丝备用。2.将肉丝用黄豆酱、糖、盐、生粉和生姜拌匀。同时备好生粉芡。3.同时备好生粉芡。4.热锅热油将肉丝滑散变色。5.倒入韭菜快速翻炒两下。6.勾入生粉薄芡翻匀。7.关火，倒入金针菇翻匀。8.盛到大盘子里，拿到外面吹风让其快速冷确。9.待肉丝凉透包入春卷皮内，用面桨封口。10.一个个地包好备用。11.热锅热油，将包好的春卷生坯一个个地放进，炸成金黄。12.捞出春卷放到厨房纸上吸去多余的油脂。13.配上香醋上桌。', '/springimages/img5.png', null, '1');
INSERT INTO `springmenu` VALUES ('6', '梅菜干扣肉', '主料:五花肉360克,梅干菜90克 辅料:老抽8克水（焖梅干菜）90克水,（煮五花肉）1200克,食用油（炸五花肉）1500克,生抽12克,料酒10克,腐乳8克,桂皮2克,八角1个,香叶2片,蒜瓣3个,盐2克', '1.五花肉放在锅中加入清水，煮二十分钟捞出，再肉皮上涂抹上蜂蜜。2.烧热锅加入食用油，肉皮朝下放入油锅中，炸至金黄色后捞出，稍微冷却后切片。3.整齐的放入碗中，留两片放入侧边，梅干菜浸泡后流水洗净。4.另起锅加入姜片，葱段，桂皮，八角，煸炒出香味。5.加入沥干的梅干菜，盐，白糖，生抽，老抽，煸炒入味后加少量水，小火煮十五分钟入味。6.调出大料，装在肉上，入笼蒸一个小时。', '/springimages/img6.png', null, '1');
INSERT INTO `springmenu` VALUES ('7', '春菜排骨煲', '主料:猪大排300g,莴笋500g 调料:食盐适量,味精适量,鸡粉适量,调和油适量,鱼露适量', '1.排骨用凉水泡3个钟头，钟头换过水。2.置锅火上加入水；倒入排骨，大火烧到气阀出气转小火15分钟。3.春菜洗净切段，菜叶菜梗分别置放。4.置锅火上加入油，烧热后放入菜梗略炒。5.加入鱼露调味，炒多1-2分钟后关火。6.将炒好的菜梗倒入排骨汤中，大火烧沸10分钟。7.加入菜叶。8.加入盐调味。9.加入鸡粉煮10分钟即可出锅。', '/springimages/img7.png', null, '1');
INSERT INTO `springmenu` VALUES ('8', '春笋炒虾滑', '主料:虾滑一包,芦笋八根 辅料:盐适量,姜胡椒粉适量,料酒适量', '1.洗净芦笋。2.芦笋去掉根部刨皮。3.芦笋切斜段，等焯水。4.烧开水，放点盐，放入芦笋焯水一二分钟，捞出放入凉水中备用。5.虾滑解冻好备用。6.把解冻的虾滑，用刀切成一小块一小块。7.热锅放油小火煮虾滑变色盛出备用。8.热锅倒油，放虾滑芦笋，倒入料酒翻炒一会，依个人口味放盐胡椒调味即可。', '/springimages/img8.png', null, '1');
INSERT INTO `springmenu` VALUES ('9', '雪菜肉末炒四季豆', '主料:肉末1小碗,雪菜1小碗四季豆1把 辅料:料酒1勺,生抽1勺,油盐适量', '1.准备好原材料。2.烧锅开水， 加入几滴油和少许盐， 将四季豆放入里面焯煮到九成熟。3.焯好的四季豆切成细粒。4.热锅凉油， 放入肉末进去翻炒。5.翻炒至肉末变色后烹入料酒和生抽， 继续翻炒。6.放入雪菜进去翻炒。7.翻炒几下后就加入四季豆末进去翻炒。8.最后加入适量的盐调味， 盛入盘中。', '/springimages/img9.png', null, '1');
INSERT INTO `springmenu` VALUES ('10', '银耳莲子雪梨', '主料:莲子50克,雪梨1个,银耳100克 辅料:冰糖适量,枸杞子适量', '1.银耳泡发后去掉根部发硬的部分，莲子浸泡两个小时后去莲心。2.梨去皮。3.将梨切成块。4.银耳撕成小朵后和莲子一起放入电压力锅内胆，加入水。5.放入梨。6.加入冰糖。7.电压力锅接通电源，选择靓汤程序，程序结束后自动泄压，开盖就可以吃了。', '/springimages/img10.png', null, '1');
INSERT INTO `springmenu` VALUES ('11', '淮山胡萝卜鲫鱼汤', '主料:1.鲜淮山400克，胡萝卜400克，瘦肉150克，鲫鱼500克（1-2条），蜜枣2粒，姜3片。辅料：食盐适量,姜3片', '1.淮山去皮切厚块，胡萝卜去皮切厚块，蜜枣，姜片，瘦肉洗净。2.胡萝卜，淮山，瘦肉，姜片，蜜枣放入汤锅加2500毫升水 大火煲着。3.先煲汤其他材料 ，我们来准备煎鱼，煲汤的鲫鱼我一般选择不去鱼鳞，因为鱼鳞也是很有营养的。鱼洗净，热油锅放适量盐姜片爆下，放鲫鱼下去煎 2面都煎黄。4.开大火加入一碗清水煮开。5.汤锅里也大火煲开了，把煎黄的鲫鱼铲过去 放进汤锅里。6.连同那煎锅里那汤汁也倒进汤锅里大火煲3-5分钟，顺便把浮沫撇去这样汤会更清不会那么油腻，因为煎鱼放了油，这时候都会浮在刚煲开的汤面，很容易撇去。7.改小火1个半小时。8.放盐调味即可享用。', '/springimages/img11.png', null, '1');
INSERT INTO `springmenu` VALUES ('12', '白灼菜心', '主料:油菜苔400克 辅料:食油3汤匙,食盐1茶匙,大蒜3瓣,生抽3汤匙,蚝油2汤匙', '1.把菜心去除老叶，用刀把菜心一分为二。2.菜心洗净控水，大蒜切粒。3.水中放入适量油烧开，手提菜心叶子把梗先放入锅中，煮至快熟时全部放入煮至叶子变软即。4.把菜心捞出控水装盘。5.起油锅爆香大蒜。6.加入适量盐。7.调入适量生抽和蚝油搅匀。8.最后把做好的蚝油蒜汁淋入菜心上即可。', '/springimages/img12.png', null, '1');
INSERT INTO `springmenu` VALUES ('13', '芹菜炒牛肉', '主料:牛肉180克,芹菜芯150克,姜一块,蒜少许 辅料:油20毫升,盐3克,蚝油10克,生粉少许,味精少许', '1.牛肉切丝。2.加盐，五香粉，淀粉，蛋清。3.腌5分钟再加少许植物油搅匀。4.芹菜切段。5.炒锅中放植物油，烧热，放牛肉炒散，变色后盛出。6.余油炒芹菜。7.放回肉丝。8.炒匀，放盐炒匀，放鸡精炒匀即可。', '/springimages/img13.png', null, '1');
INSERT INTO `springmenu` VALUES ('14', '粉丝娃娃菜', '主料:粉丝,娃娃菜,小米椒,蒜,葱 辅料:花椒,八角,蒜蓉辣椒酱,盐', '1.粉丝用温水泡开。2.食材切好备用。3.粉丝控干水分。4.娃娃菜焯水。5.摆盘。\r6.锅内热油炒香八角花椒。7.炒香蒜末辣椒。8.倒入蒜蓉辣椒酱翻炒均匀。9.把炒好的汁淋在粉丝上。10.水开蒸10分钟。', '/springimages/img14.png', null, '1');
INSERT INTO `springmenu` VALUES ('15', '韭菜炒鱿鱼', '主料:韭菜300克,鱿鱼1个 辅料:花生油25克,精盐4克,味精2克', '1.鱿鱼洗净，去膜（黑色的脏东西都不要）去骨头。2.切菱形格子。3.再切小块。4.热水烧开，放入鱿鱼，倒适量的料酒去腥味。5.捞出，清水洗净。6.韭菜洗净切段。大蒜切末，生姜切片，大蒜切末，鱿鱼洗净。7.热锅放油，放入大蒜煸香。8.放入韭菜爆炒。9.倒入鱿鱼爆炒。10.放入小米椒，生姜。11.适量的鸡精，盐巴。12.料酒，翻炒均匀，出锅。', '/springimages/img15.png', null, '1');
INSERT INTO `springmenu` VALUES ('16', '香菇手撕包菜', '主料:绿甘蓝半棵,鲜香菇3个,红椒半个 辅料:蒜子4瓣,香油1勺,食用油适量,盐适量,鸡精适量', '1.将甘蓝菜用手撕成小块，清水冲洗干净，晃动沥水菜篮，让水沥干净。2.香菇洗净去蒂切片，蒜切末、红椒切成三角形。3.锅烧热放食用油，大火，油热放入蒜末、香菇煸炒1分钟。4.然后倒入手撕菜叶和红椒，翻炒。5.炒制菜叶断生，放入食盐、鸡精、香油，关火翻炒均匀出锅。6.脆爽的香菇手撕包菜完成，装盘开饭。', '/springimages/img16.png', null, '1');
INSERT INTO `springmenu` VALUES ('17', '醋溜白菜', '主料:白菜适量 辅料:食用油5毫升,花椒少许,蒜片适量,干辣椒丝适量,生抽5克,陈醋5克,盐3克', '1.锅中放油，倒入花椒、蒜片、干辣椒丝，大火爆香。2.倒入白菜。3.倒入生抽、陈醋、盐，大火爆炒2分钟。4.出锅即可食用。', '/springimages/img17.png', null, '1');
INSERT INTO `springmenu` VALUES ('18', '清炒藕丁', '主料：藕300克，青椒80克 辅料:盐10克，生抽10毫，升香油5毫升，老抽5毫升', '1.材料准备好，洗净。2.藕去皮。3.藕去皮后，改成藕丁状。4.藕切成丁后，用清水泡一下，放一点白醋，可以让藕丁不会变黑。5.藕丁泡一下水后，捞出沥干水，在放入清水中煮，煮熟。6.煮熟后的藕放入冷水中，冲冷，沥干水备用。7.热锅冷油，下入青椒，炒至微熟。8.把青椒炒至微熟，下入藕丁，慢慢炒。9.用一个小碗，碗里放入生抽、盐、生粉、老抽、香油；在加入一点水，勾况欠汁。\r10.等藕丁炒几分钟后，下入欠汁，小火，慢慢收汁，让藕丁上色。11.藕丁上色后，用小碗装出，就可以食用了。', '/springimages/img18.png', null, '1');
INSERT INTO `springmenu` VALUES ('19', '薏米排骨汤', '主料：猪大排1碗，薏米1把 调料：食盐适量，江米酒适量，水适量，白糖适量', '1.薏米淘洗干净浸泡1小时左右.2.排骨加水煮开后稍煮几分钟。3.用温水冲洗干净，加温水和姜片煮开。4.加酒酿后转小火炖1小时右。5.加入浸泡过的薏米和盐再炖半个小时左右，至薏米软烂。6.出锅前可以调入一些糖提鲜。', '/springimages/img19.png', null, '1');
INSERT INTO `springmenu` VALUES ('20', '春饼韭菜盒子', '主料：春饼16张，香油1勺，韭菜700克，鸡蛋4个，盐1勺，五香粉1勺，鸡粉1勺，生抽1勺，耗油1勺，菜籽油1汤勺 工具：电饼铛1个', '1.韭菜清洗干净，控水后，切碎备用。2.四个鸡蛋打入碗里搅打均匀。3.炒熟后，用锅铲捣碎备用。4.先给韭菜里倒入一汤勺菜籽油，把韭菜搅拌均匀，以免放入盐后，韭菜出水严重。5.韭菜里放入炒熟的鸡蛋。6.再放入盐，五香粉，鸡粉，生抽，耗油，香油，搅拌均匀备用。7.春饼皮放上韭菜馅。8.折叠。9.最后翻面压底。10.全部码好。11.电饼铛预热刷油，放入韭菜盒子，表面也刷一层油。12.煎2分钟，翻面。13.煎至两面金黄即可出锅食用。', '/springimages/img20.png', null, '1');
INSERT INTO `springmenu` VALUES ('21', '韭菜炒虾', '主料：河虾250克，韭菜100克 辅料：姜2片，玉米面(黄)1把，油2勺，盐1小勺', '1.烧锅加3汤勺油烧热，下入已清洗好的河虾，加1汤勺料酒。2.翻炒翻炒。3.接着，合入切好的韭菜翻炒一下。4.然后，加1汤勺生抽。5.加0.5汤勺白糖。6.加半勺盐。7.调味炒匀即成。', '/springimages/img21.png', null, '1');
INSERT INTO `springmenu` VALUES ('22', '韭菜饼', '主料：春饼2张，韭菜1小把 辅料：鸡蛋2个黑木耳2朵 调料：食盐1/2小勺，橄榄油5克，芝士片1片', '1.将切成细碎状的韭菜和木耳放入碗中，磕入一个鸡蛋，再加入橄榄油、盐，拌匀待用。2.预热好的电饼铛中放一张春饼，倒入另一个打散的鸡蛋液，用筷子划着摊均匀，然后盖上电饼铛的盖子。3.半分钟左右，当电饼铛周围冒出很多热气的时候，鸡蛋就熟了，将蛋饼取出。4.然后再放入另一张春饼，上面铺满韭菜木耳鸡蛋馅，注意不要让馅料流出饼皮。5.盖上加了鸡蛋的那张饼，最后再盖上电饼铛的盖子，2-3分钟后，鸡蛋凝固即可拿出。6.出锅后，将韭菜饼切成4块，装盘就可以趁热吃了。7.还可以再放入一片奶酪做夹层，热的饼会将奶酪捂化，吃起来更是别有一番风味。', '/springimages/img22.png', null, '1');
INSERT INTO `springmenu` VALUES ('23', '四季豆炒肉末', '主料：四季豆250克，猪肉馅60克 辅料：色拉油适量，生抽1勺，料酒1勺，酱香鲜2勺，蒜瓣3个，金格勒酱1勺，砂糖2小勺，盐少许，红辣椒2个', '1、姜、葱、蒜、辣椒切末。2、绞肉清水洗净后淋点米酒去腥，四季豆挑菜洗净切段。3、倒点油热锅后放入姜、蒜末爆香，放入猪绞肉拌炒至7分熟后，放入酱油、味霖、辣豆瓣酱拌匀。4、再放入四季豆、少许盐拌炒一下后，加点水闷煮约5~10分钟。5、待至四季豆熟后，加入辣椒、葱花拌炒一下即可起锅上菜。', '/springimages/img23.png', null, '1');
INSERT INTO `springmenu` VALUES ('24', '酸菜猪肉笋丝', '主料：春笋500克，猪肉150克，酸菜150克 辅料：油2汤匙，生粉1茶匙，盐2茶匙，黄酒1茶匙，葱花少许', '1.春笋去壳，去老根后洗净，酸菜洗净挤干水分，猪腿肉洗净。2.分别切成丝后，猪肉丝里加入生粉，少许盐，黄酒抓匀静置半小时。3.先把笋丝冷水下锅，加入1茶匙盐焯水后捞起洗净控水。4.热锅倒油，温油把猪肉丝下入炒至变色。5.再把酸菜倒入不断的煸炒出香味后全部盛起。6.锅内留底油，把笋丝倒入煸炒出香味后加入盐，酸菜和猪肉丝都有咸味的，加入少许盐让笋丝有个底味就好。7.再把酸菜肉丝回到锅中，翻炒至和笋丝融合熄火出锅。8.盛出后撒上葱花即可享用。', '/springimages/img24.png', null, '1');
INSERT INTO `springmenu` VALUES ('25', '干煎荠菜笋肉馄饨', '主料：荠菜250克，猪肉末500克，春笋200克，馄饨皮250克 辅料：油2汤匙，蚝油1汤匙，盐4克，黄酒2汤匙，鲜酱油1汤匙，鸡蛋1个，香油少许，米醋少许', '1.备好剁碎的荠菜，馄饨皮，猪肉末，春笋去壳，去老根后切长片。2.把春笋冷水下锅焯水后捞起剁碎。3.猪肉末里磕入一个鸡蛋，加盐，黄酒，和蚝油按顺时针方向搅拌至有粘性，再加入少许清水再一次搅拌至有粘性后把荠菜倒入混合均匀。4.把剁碎的笋倒入加入少许香油和鲜酱油搅拌均匀。5.取一张皮子加入馅料后包起。6.这是包好的一部分。7.不粘锅加热后倒入油。8.温油把馄饨加入用中火煎至底部变黄。9.倒入半碗清水，水量能把馄饨底部浸没为佳，盖上大火煎。\r10.一直煎到水分收干后开盖，把底部煎脆后熄火出锅。', '/springimages/img25.png', null, '1');
INSERT INTO `springmenu` VALUES ('26', '香椿炒鸡蛋', '主料：香椿100克，鸡蛋2个 辅料：植物油2汤勺，盐1茶勺', '1.把鸡蛋打进碗里，加入少许盐。2.用筷子搅打成鸡蛋液备用。3.香椿洗净后，焯水30秒至叶子变绿。4.捞出控干水分。5.切成小碎段。6.将鸡蛋打进碗里，放进香椿和盐搅拌均匀。7.锅里放入适量油烧热，均匀倒进鸡蛋糊。8.先不要翻动，待鸡蛋液稍稍定型。9.用锅铲边翻炒边碾碎成小块，蛋液全部成形就炒好了。', '/springimages/img26.png', null, '1');
INSERT INTO `springmenu` VALUES ('27', '荠菜春笋', '主料：春笋半个，荠菜300克 调料：食盐1茶匙，红尖椒2个，植物油适量，水适量', '1.准备好原材料。2.春笋切成片，放入冷水中焯一下后捞出。3.开水中加入适量的盐和几滴油。4.将荠菜放入开水中焯一下捞出，焯过的荠菜切成碎。5.烧热锅， 放入适量的油， 下入焯过水的春笋翻炒。6.翻炒几下后加入少量的水煮一下。7.水快干时加入荠菜和红椒圈翻炒。8.出锅前加入适量的盐调味，盛入盘中。', '/springimages/img27.png', null, '1');
INSERT INTO `springmenu` VALUES ('28', '东坡肉', '五花肉', '蒸煮炒', '/springimages/1585475389326.png', '3', '1');
INSERT INTO `springmenu` VALUES ('29', '1', '1', '1', '/springimages/1585555315841.png', '3', '1');
INSERT INTO `springmenu` VALUES ('30', '888', '888', '888', '/springimages/1585620941367.png', '3', '1');

-- ----------------------------
-- Table structure for `summercollection`
-- ----------------------------
DROP TABLE IF EXISTS `summercollection`;
CREATE TABLE `summercollection` (
  `userId` int(30) NOT NULL,
  `collectId` int(30) NOT NULL,
  PRIMARY KEY (`collectId`)
) ENGINE=InnoDB DEFAULT CHARSET=latin1;

-- ----------------------------
-- Records of summercollection
-- ----------------------------

-- ----------------------------
-- Table structure for `summercomment`
-- ----------------------------
DROP TABLE IF EXISTS `summercomment`;
CREATE TABLE `summercomment` (
  `userId` int(30) NOT NULL,
  `menuId` int(30) NOT NULL,
  `comment` varchar(500) CHARACTER SET utf8 NOT NULL,
  `commentId` int(30) NOT NULL AUTO_INCREMENT,
  PRIMARY KEY (`commentId`)
) ENGINE=InnoDB DEFAULT CHARSET=latin1;

-- ----------------------------
-- Records of summercomment
-- ----------------------------

-- ----------------------------
-- Table structure for `summermenu`
-- ----------------------------
DROP TABLE IF EXISTS `summermenu`;
CREATE TABLE `summermenu` (
  `menuId` int(20) NOT NULL AUTO_INCREMENT,
  `menuName` varchar(40) CHARACTER SET utf8 NOT NULL,
  `menuMaterial` varchar(300) CHARACTER SET utf8 NOT NULL,
  `menuContent` varchar(1500) CHARACTER SET utf8 NOT NULL,
  `pic` varchar(60) NOT NULL,
  `userId` int(20) DEFAULT NULL,
  `type` int(10) DEFAULT NULL,
  PRIMARY KEY (`menuId`)
) ENGINE=InnoDB AUTO_INCREMENT=31 DEFAULT CHARSET=latin1;

-- ----------------------------
-- Records of summermenu
-- ----------------------------
INSERT INTO `summermenu` VALUES ('1', '夏季凉拌菜', '主料：黄瓜适量，腐竹适量，木耳适量 辅料：花生米适量，蒜末适量，香菜适量，小米辣适量，辣椒油1小碗，生抽1勺，香醋1勺，盐适量，糖适量，鸡精适量', '1.木耳、腐竹泡发后，焯水30秒后捞出。2.碗中放入腐竹、木耳、黄瓜、花生米、蒜末、香菜、小米辣。3.加一勺生抽、一勺香醋，少量盐、糖、鸡精，适量辣椒油，搅拌均匀即可。', '/summerimages/img1.png', null, '2');
INSERT INTO `summermenu` VALUES ('2', '苦瓜排骨汤', '主料：苦瓜2根，排骨300克 辅料：葱段8克，料酒10克，鸡粉3克，盐2克', '1.苦瓜洗干净。2.将苦瓜一分为二。3.用勺子将苦瓜的籽和内瓤挖干净。4.然后将苦瓜切成段。5.锅中放入水，加入姜片和料酒，放入排骨焯水。6.焯好水的排骨重新干净浮沫。7.将排骨放入锅内，加入水，放入生姜。8.加入料酒。9.大火煮开后，转小火炖一小时至排骨软烂。10.放入苦瓜段继续煮二十分钟。11.加入盐调味。12.加入鸡精13.放入一点葱花就可以关火开吃。', '/summerimages/img2.png', null, '2');
INSERT INTO `summermenu` VALUES ('3', '苦瓜炒蛋', '主料：苦瓜1根，鸡蛋2个 辅料：大蒜适量，辣椒2根，食用油5毫升，生抽3克，料酒3克，盐3克', '1.苦瓜对半剖开，去掉白瓤，洗净后，切成苦瓜片。2.3个鸡蛋磕进碗里，调入食盐。3.调入料酒和温水，将蛋液搅打均匀。4.锅置火上，烧热后倒入适量植物油，油锅烧热后，转小火，将蛋液倒入锅里。5.蛋液炒好后，捣散后，盛出。6.炒锅再倒入植物油烧热后，放入花椒煸香。7.放入苦瓜片大火翻炒。8.调入生抽。9.放入鸡蛋块翻炒。10.食材都炒熟后，调入食盐。11.翻炒均匀，关火。12.出锅，装盘。', '/summerimages/img3.png', null, '2');
INSERT INTO `summermenu` VALUES ('4', '苦瓜炒虾仁', '主料：苦瓜1根，虾6只 辅料：植物油15毫升，蚝油半勺，蒜2瓣，盐适量', '1.苦瓜清洗干净，一开两半，掏去瓜籽。2.斜刀切成片。3.大蒜去皮后用刀拍松，然后切末。4.鲜虾去皮后，开背挑去虾线。5.锅内烧开水，放入处理好的虾仁，虾体卷起颜色变红捞出(煮虾后的水可以做汤，很鲜美哦)。6.炒锅放油烧热，爆香蒜末。7.蒜末微微变黄后倒入切好的苦瓜。8.紧接着倒入虾仁，迅速调味关火，非常的脆嫩鲜美。', '/summerimages/img4.png', null, '2');
INSERT INTO `summermenu` VALUES ('5', '耗油生菜', '主料：生菜100克 辅料：蚝油5克，大蒜1瓣，食用油5毫升，白砂糖5克', '1.食材准备:生菜、青葱洗净备用，姜、蒜剁碎备用。2.调汁:取一小碗，倒入适量生抽、耗油、食盐调好备用。3.焯水:生菜在滚水中烫熟，捞出摆盘。4.将调好的酱汁淋在生菜上。5.然后依次铺上蒜、姜蓉、红辣椒、熟白芝麻，最后泼上热油即可。', '/summerimages/img5.png', null, '2');
INSERT INTO `summermenu` VALUES ('6', '蒸豆角', '主料：老豆角350克，面粉100克 辅料：大蒜3瓣，醋1勺，生抽2勺，盐适量，香油1茶匙', '1.将豆角切段，磕入鸡蛋，倒入面粉、玉米粉和少许盐搅拌均匀。2.倒入蒸锅大火蒸10分钟即可。3.将蒸好的豆角倒入盆中。4.碗中放入小米辣、白芝麻、蒜泥淋上少许热油，再倒入1勺生抽、1勺醋、少许盐、少许糖、几滴芝麻油搅拌均匀。5.倒入豆角中搅拌均匀即可。', '/summerimages/img6.png', null, '2');
INSERT INTO `summermenu` VALUES ('7', '夏日白切鸡', '主料：鸡2腿 辅料：姜一块，葱2条，蒜5瓣，水2L', '1.将姜洗净，切丝。葱切成2半，葱白留着，葱叶切丁。2.把水煮开后放入葱白，姜。3.把鸡肉放入滚水里煮7分钟。4.再焖20分钟。5.在焖鸡的时候把蒜葱切丁。6.热锅起油后把蒜葱爆香，后加入酱油。7.把鸡捞起后放凉切块。', '/summerimages/img7.png', null, '2');
INSERT INTO `summermenu` VALUES ('8', '苦瓜酿肉', '主料：苦瓜1根，猪肉(瘦)100克 辅料：香油5克，食盐5克，豆瓣酱8克，鸡蛋1个，胡椒粉1克，姜1块，蒜1瓣，小葱1棵，淀粉5克，水淀粉1小勺，番茄酱5克', '1.准备好食材。2.苦瓜洗净切段挖去中间白色的瓤。3.苦瓜去除瓤后放入盘中，撒上盐进行腌制后用水冲洗干净。4.猪肉切成末，加入盐、淀粉和酱油搅拌均匀，再撒上葱花拌匀备用。5.用筷子将肉末酿入苦瓜中。6.将苦瓜依次酿入肉末放入盘中。7.大火煮开后转中小火蒸10分钟。', '/summerimages/img8.png', null, '2');
INSERT INTO `summermenu` VALUES ('9', '酸辣凉面', '主料：黄瓜两根，熟面条300克 辅料：花生油40克盐5克生抽20克老干妈辣椒酱两勺凉拌醋1勺十三香少许', '1.鲜虾仁用盐腌制10分钟，西红柿切丁、黄瓜切丝、香菜切碎、辣椒切成圈，黄豆芽摘除根部备用。2.锅内烧开水，将生面条放入锅内煮至水沸腾，再加入半碗凉水，如此反复两次直至面条煮熟。3.煮好的面条用凉水冲冷后，浸入冰开水中约5分钟，捞起沥干水份。4.煮面条的开水，可以放入虾仁及黄豆芽氽烫至熟，同样浸入冰开水中过凉，捞起沥干水份。5.生抽、陈醋、白糖、番茄酱、柠檬汁、凉开水(3大匙)、辣椒油、芝麻油、蒜蓉、辣椒圈、香菜碎放在碗内调匀即成凉面料汁。\r6.面条放入碗内，表面码上熟虾仁、黄瓜丝、西红柿丁、黄豆芽，再淋上凉面酱汁即。', '/summerimages/img9.png', null, '2');
INSERT INTO `summermenu` VALUES ('10', '沙拉意面', '主料：意大利面50克，胡萝卜适量，小番茄5个，虾适量，豇豆适量，腰果适量 辅料：鱼露10克，小米辣适量，柠檬汁10克，黑胡椒适量蜂蜜or棕榈糖10克，，植物油适量，大蒜适量，盐适量，白葡萄酒适量', '1.锅里烧开水，放进去一点盐，煮意面8分钟后捞出，煮土豆和豆角至熟软捞出，最后把鸡蛋扔进去煮；这时准备不需要煮的东西：广味腊肠和洋葱分别切成小块。2.煮好的鸡蛋用分蛋器切开。3.最后把所有的材料混合，放沙拉酱。', '/summerimages/img10.png', null, '2');
INSERT INTO `summermenu` VALUES ('11', '冬瓜排骨汤', '主料:排骨160克，料酒2大勺，冬瓜250克 辅料:水1000毫升,盐2小勺,味精1/4小勺,生姜片3片', '1.倒入排骨，清水煮沸。2.加黄酒，排骨去腥去血沫。3.放入姜和排骨，加1.5升水，中火煮30分钟。4.放入冬瓜，小火煮10分钟。5.放入盐、鸡粉，搅拌均匀，盛出即可，撒上葱花。', '/summerimages/img11.png', null, '2');
INSERT INTO `summermenu` VALUES ('12', '皮蛋拌黄瓜', '主料：黄瓜1根，皮蛋3个 辅料：盐2/3匙，鸡精1匙，酱油0.5勺，陈醋1勺，香油1匙，蒜2', '1.黄瓜拍裂，切块。2.皮蛋去壳切块。3.加入盐，鸡精，酱油，陈醋，香油和蒜末。4.轻轻从下向上翻拌匀即可。', '/summerimages/img12.png', null, '2');
INSERT INTO `summermenu` VALUES ('13', '青椒肉丝', '主料：里脊200克，青椒2个，红椒2/1个，姜5克，蒜2瓣 辅料：生抽1茶匙，白糖2/1茶匙，料酒1茶匙，盐少许', '1.材料准备好；里脊肉洗净，顺着纹理切丝。2.调入生抽、白糖、淀粉，用手抓匀，腌制10分钟。3.青红椒切丝，姜蒜切沫，锅里热油，放入青红椒拌炒。4.炒至青红椒7、8层熟后盛出，锅里留少许油，接着放入肉丝，大火快速炒散。5.炒至肉丝变色后放入姜沫同炒，接着放入青红椒丝，炒匀。6.放入蒜蓉，调入少许盐，拌炒均匀即可。', '/summerimages/img13.png', null, '2');
INSERT INTO `summermenu` VALUES ('14', '鲫鱼汤', '主料：大葱3克，生姜3克，鲫鱼1条，淀粉10克，八角1个，葱段适量，水1升 辅料：食用油5毫升，盐2克', '1.准备大葱3g切片，生姜3g切片、鲫鱼1条去头去鳍。2.鲫鱼放入盘中，两面均匀撒上淀粉10g。3.起锅倒入油5ml，倒入姜片并放入鲫鱼，煎至两面金黄。4.起锅倒入水1L，水中放入八角1个、葱段和鲫鱼，大火煮沸。5.加入盐2g，中火煮10分钟即可。', '/summerimages/img14.png', null, '2');
INSERT INTO `summermenu` VALUES ('15', '凉拌莴笋', '主料：莴笋,胡萝卜 辅料:花椒,盐辣椒,生抽1勺,白糖,白醋1.5勺', '1.莴笋1根去皮。2.切条。3.加入盐腌一会。4.腌好的加入胡萝卜丝。5.加入花生米。6.加入生抽。7.加入香醋。8.搅拌好。9.装盘。\r', '/summerimages/img15.png', null, '2');
INSERT INTO `summermenu` VALUES ('16', '青瓜炒肉', '主料:黄瓜100克,猪肉100克 辅料:蒜4瓣,淀粉2茶,匙鸡粉1茶匙,食盐1茶匙,植物油2汤匙,料酒1/2茶匙', '1.洗好青瓜。2.切肉片。3.横着切。4.放油炒。5.放盐，耗油，鸡精一起翻炒。6.加些油，和生抽，即可。\r', '/summerimages/img16.png', null, '2');
INSERT INTO `summermenu` VALUES ('17', '青瓜炒牛肉', '主料:青瓜一条,牛肉180,姜一块,蒜半个,泡椒半个 辅料:油30毫升,盐少许,蚝油10毫升', '1.准备好牛肉用盐糖腌制好，青瓜，姜蒜苗。2.锅里下油爆香，把牛肉放入爆炒。3.爆炒一下后下入酱油翻炒。4.把青瓜放入炒。5.最后放入蚝油搅拌均匀即可。', '/summerimages/img17.png', null, '2');
INSERT INTO `summermenu` VALUES ('18', '丝瓜虾仁', '主料:丝瓜1只,虾仁适量 辅料:蒜米适量,生抽15克,淀粉5克,清水15克,食用油10克,盐2克', '1.将丝瓜去除表皮，然后切成滚刀块。2.新鲜海虾去除虾头、虾壳和虾线，姜和蒜切好备用。3.炒锅中放入适量调和油，油热后将大蒜和姜丝放入锅中爆出味。4.将虾仁放入锅中。5.炒至变色出香味。6.然后将丝瓜块放入锅中。7.翻炒一会至丝瓜变软。8.淀粉中放入少许盐，再放入水调匀，然后倒入锅中勾芡。9.将勾芡的汁收浓一些即可。10.将炒好的丝瓜虾仁盛入盘中，美味爽口顺滑的一道家常菜就做好了。', '/summerimages/img18.png', null, '2');
INSERT INTO `summermenu` VALUES ('19', '酸辣土豆丝', '主料:土豆3个 辅料:植物油适量,盐少许,米醋适量,辣椒面1小勺', '1.3个土豆削皮，洗净。2.用擦丝器将土豆擦成粗丝。3.用凉水清洗两遍。4.沥干水，再晾5分钟左右，将表面的水能充分吸进土豆丝中。5.辣椒面准备好，一会儿炒的时候可以根据家人食辣的程度及辣椒面的辣度来决定加多少。6.炒锅中多放一点油，这样可以防止炒的时候粘锅；油温热时倒入一点点辣椒粉，炝出香味来。7.待辣椒粉变成褐色时，快速将土豆丝倒入锅中翻炒，待土豆丝变得有点透明时，倒入米醋，如果不嫌颜色深，倒入陈醋、香醋也是可以的。8.翻炒均匀，再撒入适量的辣椒粉，这样颜色和味道都有了进一步提升。', '/summerimages/img19.png', null, '2');
INSERT INTO `summermenu` VALUES ('20', '红烧豆腐', '主料:南豆腐一块,红烧排骨酱半袋 辅料:油一勺,盐一撮,麻椒碎10克,豆豉15克,姜蒜末8克,酱油2勺,水淀粉50克\r', '1.豆腐切成1.5厘米左右的正方形小块，葱姜蒜都切成丁。2.烧开一锅水，将豆腐丁倒进去汆烫。3.捞出，沥干水。4.油锅烧至五成热，放入红烧排骨酱和豆豉，煸炒出香味。5.然后放入姜末、蒜末。6.加入半碗清水、酱油。7.加入盐调味。\r8.烧开后放入豆腐、大火烧煮一分钟，为了避免糊锅，中间适度旋转锅身，取一半水淀粉勾芡，继续旋动锅身烧煮大约一分钟，再放剩下的水淀粉。9.撒上麻椒碎末和葱花即可。10.香辣入味的红烧豆腐出锅。', '/summerimages/img20.png', null, '2');
INSERT INTO `summermenu` VALUES ('21', '丝瓜豆腐汤', '主料:丝瓜1根,北豆腐400克,胡萝卜1根,木耳(水发)70克 辅料:鸡骨500克,盐适量,葱1棵,姜3片,料酒1汤匙', '1.葱切段、姜切片。2.鸡骨冷水入锅煮开焯水捞出。3.焯好水的鸡骨入开水锅加入葱段、姜片、料酒大火煮开转中小火煲30分钟。4.木耳提前泡发洗净泥沙。5.丝瓜去皮、胡萝卜去皮。6.豆腐切成小块。7.胡萝卜斜切成段。8.再切成象眼块。9.丝瓜切滚刀块。10.煲好的鸡汤倒入砂锅。11.先下入豆腐煮10分钟。12.再下入丝瓜煮开。13.丝瓜变软后加入木耳、调入盐继续煮开。14.最后下入胡萝卜片煮开即可出锅。', '/summerimages/img21.png', null, '2');
INSERT INTO `summermenu` VALUES ('22', '酸汤肥牛', '主料:金针菇300克,肥牛250克 辅料:姜适量,蒜适量,黄灯笼辣椒酱适量,米醋50毫升,白砂糖适量,盐适量,泡椒适量', '1.酸菜洗净切片，香葱切成2cm的段，蒜切片，尖椒切成圈。2.肥牛从冰箱冷冻室内取出后，稍微放在室温环境内缓一下，之后上面撒上生粉，用手抓匀。3.大火烧开锅中的水，转小火，将肥牛放入水中，汆烫断生后立即捞出，控干备用。4.锅中放15ml油，烧到5成热，放入姜、蒜、野山椒，煸出香味后放入番茄酱划炒开，稍微变色后，加入酸菜炒出香味。5.加入水烧开后加入各种调味料。6.再次烧开后，捞出酸菜，放入盛盘中垫底。将汆烫过的肥牛放入锅中，烧开后立即关火，连汤一起倒入碗中的酸菜上面。7.红尖椒圈和香葱段淋上10ml热油，捞出，放在做好的酸汤肥牛上即可。', '/summerimages/img22.png', null, '2');
INSERT INTO `summermenu` VALUES ('23', '酸菜鱼', '主料:蛋清1个,草鱼片500克 辅料:淀粉5克,油8毫升,姜丝适量,葱适量,酸菜500克,鸡粉3克,老抽5克,胡椒粉1克', '1.碗内倒入鱼肉 盐 胡椒粉 料酒。2.抓匀。3.倒入鸡蛋清和淀粉,抓匀。4.锅底烧油倒入鱼骨,煎香后捞出。5.倒入酸菜,鱼骨, 酸菜鱼调料,搅拌均匀。6.加水没过食材。\r7.煮沸捞出鱼骨酸菜。8.倒入鱼片。9.炒熟捞出。10.淋上辣椒油完成。', '/summerimages/img23.png', null, '2');
INSERT INTO `summermenu` VALUES ('24', '四季豆炒茄子', '主料:四季豆400克,茄子1根 辅料:花生油10毫升,盐4克,酱油2毫升,青椒2个,干辣椒5个,香葱20克', '1.茄子洗净切块，清水浸泡3分钟，捞出沥干水。2.四季豆洗净去豆荚。3.热锅，倒油，放入茄子、四季豆一起炸熟，捞出沥干油。4.把多余的油倒出来，锅中留小许有，放入辣椒、葱头爆炒香。5.沥干油的茄子、四季豆倒入翻炒。6.放酱油、盐、香葱炒均收汁即可。', '/summerimages/img24.png', null, '2');
INSERT INTO `summermenu` VALUES ('25', '菠萝炒饭', '主料:米饭1大碗,菠萝1个,鸡蛋1个,豌豆25克,火腿25克,红椒15克,虾5只,腰果15克,葡萄干10克 辅料:酱油1汤匙,盐适量,油适量', '1.菠萝在三分之二处切开，挖出果肉，做成菠萝碗;取适量果肉切小丁。2.豌豆焯熟；火腿切小丁，红椒切碎；虾取虾仁去虾线。3.热油锅，打入鸡蛋炒碎盛出。\r4.把腰果和葡萄干稍炒一下。5.锅中再加点油，倒入火腿丁、虾仁炒一会儿后加豌豆、红椒炒匀。6.倒入米饭，搅炒到完全散开。7.加入鸡蛋、腰果和葡萄干翻炒均匀。8.加盐、酱油调味，再加入菠萝丁炒均匀就可以了。\r\r', '/summerimages/img25.png', null, '2');
INSERT INTO `summermenu` VALUES ('26', '糖醋排骨', '主料:排骨500克,蒜适量 辅料:甜辣酱30克,料酒10克,香油5克,生抽10克,白醋15克,香炸粉25克,糖5克,老抽5克,香叶3片,八角3个', '1.排骨清洗干净。2.入凉水锅中煮开，然后夹出备用。3.半棵葱切段、姜切片、八角一颗。4.与排骨同入砂锅中，小火焖煮，煮到排骨十分熟。5.排骨捞出做糖醋排骨用，剩下的汤煮汤做面都可以，不要浪费。6.盐1勺，白糖3勺，淀粉1勺，酱油适量，醋适量，一小碗凉水能没过排骨量就成，倒入锅中煮开。7.将排骨入锅中，盖盖子，小火慢炖5-10分钟，直到汤汁浓稠；临出锅前再淋少许醋，糖醋味才浓郁。8.出锅后撒香葱末或者白芝麻均可。', '/summerimages/img26.png', null, '2');
INSERT INTO `summermenu` VALUES ('27', '香辣花甲', '主料:花甲1000克 辅料:植物油100克,老姜1块,大蒜20瓣,小米辣20个,小葱2颗,香菜2颗,料酒1大勺,生抽2大勺,蒸鱼豉油2大勺,豆瓣酱1大勺,啤酒2大勺', '1.扇贝刷洗干净后，放入锅里焯水。2.扇贝开壳后，关火捞出。3.老姜切丝；小葱、香菜切断；小米辣切圈；大蒜切粒。4.炒锅烧热，放入植物油烧热；放入姜丝、葱段、蒜粒、小米辣爆香。5.放入花甲，迅速翻炒。6.调入料酒、生抽，蒸鱼豉油。7.再放入豆瓣酱，翻炒均匀。8.淋入适量啤酒，大火翻炒至略略收汁。\r9.撒入香菜段，翻炒均匀，关火即可。', '/summerimages/img27.png', null, '2');
INSERT INTO `summermenu` VALUES ('28', '东坡肉', '五花肉', '蒸煮炒', '/summerimages/1585475704699.png', '3', '2');
INSERT INTO `summermenu` VALUES ('29', '1', '1', '1', '/summerimages/1585557026988.png', '3', '2');
INSERT INTO `summermenu` VALUES ('30', '6666', '6666', '6666', '/summerimages/1585621350766.png', '3', '2');

-- ----------------------------
-- Table structure for `user`
-- ----------------------------
DROP TABLE IF EXISTS `user`;
CREATE TABLE `user` (
  `name` varchar(30) CHARACTER SET utf8 NOT NULL,
  `pwd` varchar(30) NOT NULL,
  `id` int(11) NOT NULL AUTO_INCREMENT,
  PRIMARY KEY (`id`)
) ENGINE=InnoDB AUTO_INCREMENT=11 DEFAULT CHARSET=latin1;

-- ----------------------------
-- Records of user
-- ----------------------------
INSERT INTO `user` VALUES ('1', '222', '1');
INSERT INTO `user` VALUES ('2020', '0310', '2');
INSERT INTO `user` VALUES ('GGG', '456', '3');
INSERT INTO `user` VALUES ('Hu', '12345', '4');
INSERT INTO `user` VALUES ('Li', '123456', '5');
INSERT INTO `user` VALUES ('wwe', '1997', '6');
INSERT INTO `user` VALUES ('胡春伟', '1997', '7');
INSERT INTO `user` VALUES ('YY', 'YYY', '8');
INSERT INTO `user` VALUES ('33', '33', '10');

-- ----------------------------
-- Table structure for `wintercollection`
-- ----------------------------
DROP TABLE IF EXISTS `wintercollection`;
CREATE TABLE `wintercollection` (
  `userId` int(30) NOT NULL,
  `collectId` int(30) NOT NULL,
  PRIMARY KEY (`collectId`)
) ENGINE=InnoDB DEFAULT CHARSET=latin1;

-- ----------------------------
-- Records of wintercollection
-- ----------------------------

-- ----------------------------
-- Table structure for `wintercomment`
-- ----------------------------
DROP TABLE IF EXISTS `wintercomment`;
CREATE TABLE `wintercomment` (
  `userId` int(30) NOT NULL,
  `menuId` int(30) NOT NULL,
  `comment` varchar(500) CHARACTER SET utf8 NOT NULL,
  `commentId` int(30) NOT NULL AUTO_INCREMENT,
  PRIMARY KEY (`commentId`)
) ENGINE=InnoDB DEFAULT CHARSET=latin1;

-- ----------------------------
-- Records of wintercomment
-- ----------------------------

-- ----------------------------
-- Table structure for `wintermenu`
-- ----------------------------
DROP TABLE IF EXISTS `wintermenu`;
CREATE TABLE `wintermenu` (
  `menuId` int(20) NOT NULL AUTO_INCREMENT,
  `menuName` varchar(40) CHARACTER SET utf8 NOT NULL,
  `menuMaterial` varchar(350) CHARACTER SET utf8 NOT NULL,
  `menuContent` varchar(1500) CHARACTER SET utf8 NOT NULL,
  `pic` varchar(60) NOT NULL,
  `userId` int(20) DEFAULT NULL,
  `type` int(10) DEFAULT NULL,
  PRIMARY KEY (`menuId`)
) ENGINE=InnoDB AUTO_INCREMENT=30 DEFAULT CHARSET=latin1;

-- ----------------------------
-- Records of wintermenu
-- ----------------------------
INSERT INTO `wintermenu` VALUES ('1', '虾仁芹菜炒乌冬面', '主料:乌冬面200克,芹菜2株,虾仁60克 辅料:料酒适量,生抽适量,盐适量,鸡精适量', '1.将芹菜摘去老叶去根洗净、捞出。2.用剪刀剪成段，待用。3.将乌冬面拆开包装，下入清水锅中焯开，捞出。4.烧锅倒油烧热，下入虾仁，加适量的料酒翻炒一下。5.接着，合入乌冬面，加适量的生抽翻炒翻炒。6.然后，合入芹菜，加适量的盐、鸡精。7.调味翻炒翻炒，即成。', '/winterimages/img1.png\r', null, '4');
INSERT INTO `wintermenu` VALUES ('2', '冬季养生四红汤', '主料:红花生50克,红豆50克,红枣8个,龙眼150克 辅料:红糖2块', '1.红豆、花生洗净，浸泡30分钟。2.龙眼去壳、去核，洗净。3.红枣洗净，浸泡的红豆、花生捞出沥干水，龙眼等。4.把红花生、红豆、红枣、龙眼放入锅中，加适量清水。5.压力锅按煮粥键约35分钟；PS：每个锅不同，时间略有不同。6.煮好或放入红糖块，溶解煮沸即可。', '/winterimages/img2.png\r', null, '4');
INSERT INTO `wintermenu` VALUES ('3', '胡椒猪肚鸡', '主料:土鸡半只,猪肚适量 辅料:白胡椒适量,姜适量,面粉适量,老姜1大块,枸杞少许,鲜香菇5朵,香叶2片,八角2个,盐适量,料酒适量,葱适量', '1.加一把面粉一小勺盐搓洗5分钟。2.同时把鸡肉放热水烫出血水。3.香菇，枸杞，姜葱八角香叶备好。4.倒水没入所有材料，开大火后转小火炖1个小时。5.捞出放凉后切成条。6.再放入香菇跟猪肚鸡一起锅中炖半小时，起锅时放入胡椒，盐，枸，枸杞。7.还可以把肉捞出来酱酱油吃。', '/winterimages/img3.png\r', null, '4');
INSERT INTO `wintermenu` VALUES ('4', '冬菜培根黄金炒饭', '主料:剩米饭300克,鸡蛋2颗,培根40克,冬菜20克 辅料:香辣豆豉酱10克,精盐2克,香葱1根,食用油20毫升', '1.剩米饭中磕入鸡蛋。2.充分拌匀后静置5分钟。3.期间准备配料。培根，葱花切碎末。4.锅中注入食用油。6.5成热的时候，先下冬菜煸炒。5.出香味后倒入拌饭的米饭。6.一直不停的翻炒，炒约5分钟后加精盐。7.炒匀后下培根。8.加香辣豆豉酱。9.一直炒到米饭颗粒分明，成金黄色。10.最后撒入葱末，炒匀即可。', '/winterimages/img4.png\r', null, '4');
INSERT INTO `wintermenu` VALUES ('5', '冬季滋补骨汤火锅', '主料:猪大骨头2根,沙参5节,黄芪8片,姜5片,甘草5片,枸杞子20粒,食盐2勺 辅料:生菜300克,鱼丸300克,口蘑300克,蟹味菇300克,海鲜菇300克,毛肚300克,羊肉片300克,白菜300克,香葱300克,胡萝卜300克,芝麻酱100克,耗油1勺,生抽1勺,香油1勺,对虾300克,土豆300克', '1.2根猪腿骨从中间砸断，清洗干净后冷水下锅焯一下去除肉里的血沫子，然后捞出在用温水冲洗一下。2.沙参5根、黄氏8片、甘草6片、姜5片。3.砂锅里注入清水放入猪腿骨和沙参、黄氏、甘草、姜片。4.盖上盖子大火烧开后转小火加盖子煲一个小时候加入枸杞。5.小火在煲3个小时，一共煲4小时，出锅前30分钟加入2勺盐。6.煲好的骨汤过滤掉料以后，可以直接涮肉，先煮一些蘑菇和羊肉片，然后煮青菜。棒骨上的肉拆下来，用香菜和香葱，加1勺陈醋、2勺生抽、1勺辣椒。油、1/2勺食盐、几滴香油调一碗料，沾着拆骨肉也是很好吃的。7.芝麻酱里加入温水、1/2勺食盐、1勺蚝油、1勺香油、1勺生抽搅拌均匀，可根据个人喜好加入香菜和香葱。', '/winterimages/img5.png\r', null, '4');
INSERT INTO `wintermenu` VALUES ('6', '猪肉白菜水饺', '主料:白菜700克,肉糜400克,饺子皮600克 辅料:盐适量,料酒1勺,蚝油2勺,白糖1勺,葱适量,醋适量', '1.准备食材2.肉末放在容器内加料酒，盐，蚝油，白糖和葱搅拌到有韧劲。3.白菜洗净切碎，加入盐腌制15分钟4.挤掉多余水分，放入肉馅中。5.将白菜，肉末搅拌到有韧劲。6.馅放在饺子皮中央，对折，捏紧。7.锅中水煮开，下饺子盖盖煮。8.水沸后，淋上一碗凉水，盖上锅盖，再次煮沸后再淋一碗凉水，共淋三碗凉水后。9.煮沸后饺子浮到水面上就好了。10.关火出锅，蘸上醋就可以吃了。', '/winterimages/img6.png\r', null, '4');
INSERT INTO `wintermenu` VALUES ('7', '肉末白菜炖豆腐', '主料:肉末1拳头大小, 老豆腐1块 大白菜6片 辅料:葱1根 ,姜1块, 蒜2瓣 ,食用油适量,郫县豆瓣酱1小勺, 食盐 适量', '1.将大白菜洗净，切好；豆腐、姜切块备用。2.锅中放入姜片，加入清水，放入大白菜和白菜。3.大火烧开，加入家乐浓汤宝炆炖专用。4.家乐浓汤宝炆炖专用溶成浓醇高汤，渗入食材，转小火炖煮。5.撒入白胡椒粉、淋香油，再加上葱花点缀即可。', '/winterimages/img7.png\r', null, '4');
INSERT INTO `wintermenu` VALUES ('8', '五花肉豆腐白菜煲', '主料:五花肉50克,粉皮30克,大白菜1棵,豆腐1块,冬菇30克,番茄2个 辅料:蒜瓣5个,油适量,盐6克,胡椒粉3克,蚝油1汤匙,清水适量', '1.粉皮提前用开水浸泡软。2.大白菜洗净沥干，手撕成块。3.豆腐切块、番茄去皮切块、五花肉洗净切薄片、冬菇洗净撕开、蒜瓣去皮拍碎。4.热锅，倒入少量食用油，倒入五花肉大火干煸出油脂。5.加入蒜头、炒出香味后倒入番茄。6.倒入冬菇和粉皮，翻炒均匀。7.倒入大白菜炒软后，加上适量清水大火烹煮片刻。\r8.倒入豆腐，用锅铲轻轻翻动均匀，让豆腐能吸到汤汁。9.遮上锅盖，再炖煮5分钟左右。10.调入盐、胡椒粉、撒点葱梗。11.拌匀后盛入砂锅中，在炉头上开小火慢炖10分钟左右，即可原煲端上餐桌。', '/winterimages/img8.png\r', null, '4');
INSERT INTO `wintermenu` VALUES ('9', '冬瓜排骨汤', '主料:排骨160克,料酒2大勺,冬瓜250克 辅料:水1000毫升,盐2小勺,味精1/4小勺,生姜片3片', '1.倒入排骨，清水煮沸。2.加黄酒，排骨去腥去血沫。3.放入姜和排骨，加1.5升水，中火煮30分钟。4.放入冬瓜，小火煮10分钟。5.放入盐、鸡粉，搅拌均匀，盛出即可，撒上葱花。', '/winterimages/img9.png\r', null, '4');
INSERT INTO `wintermenu` VALUES ('10', '红烧羊肉', '主料:带骨羊肉1000克 辅料:葱姜适量,八角2粒,白酒2茶匙,桂皮1小段,花椒1小把,小茴香小把,老抽1茶匙,食盐适量,干辣椒6个', '1.胡萝卜50g切滚刀块，羊肉200g切片。2.起锅放入水1L，羊肉冷水入锅，焯水去腥去血沫。3.起锅放入食用油5ml，放入花椒1g，香叶1片、葱段2g、姜片3g、蒜瓣5g。4.放入羊肉、白砂糖5g翻炒均匀。5.出锅完成加入生抽3g继续翻炒，加水100ml，倒入胡萝卜，盐2g翻炒。', '/winterimages/img10.png\r', null, '4');
INSERT INTO `wintermenu` VALUES ('11', '糖醋里脊', '主料:里脊肉250克,鸡蛋1个面粉,适量京葱1/4根 辅料:番茄酱2-3大匙,白胡椒粉1茶匙,白糖1汤匙,盐1/2茶匙,白醋2茶匙,料酒2大匙,水淀粉少许', '1.将猪里脊肉切成条，倒入调料腌制猪里脊肉。2.锅内热油，放入腌制好的牛肉炸酥。3.冷锅热油放入葱末炝锅，炒糖浆。4.放入牛肉大火至糖汁上色。5.大火收汁，出锅即可食用。', '/winterimages/img11.png\r', null, '4');
INSERT INTO `wintermenu` VALUES ('12', '爆炒牛肉', '主料:大葱15克,牛肉200克 辅料:蒜5克,生抽2克,淀粉5克,食用油5毫升,蚝油2克,盐2克', '1.葱蒜切片。2.牛肉切片。3.加入生抽，蒜片，淀粉拌匀，腌制20分钟。4.锅中放油，倒入牛肉，煸炒至变色。5.放入蚝油。6.加入葱片，翻炒出锅。', '/winterimages/img12.png\r', null, '4');
INSERT INTO `wintermenu` VALUES ('13', '滑蛋牛肉', '主料:牛肉150克,鸡蛋5个 调料:食盐1小匙,小葱10克,白胡椒1小匙,植物油3大匙,嫩肉粉1小匙', '1.将牛肉切簿片。2.加入1/2小匙食盐，1小匙嫩肉粉拌匀。3.将鸡蛋打在碗内，加入葱花，将白胡椒加进蛋液内。4.将蛋液用打蛋器或筷子搅打均匀5.热炒锅，倒入3大匙植物油，油温至5成时，将牛肉片倒进去。6.牛肉片变色后捞出放碗内。7.将鸡蛋液倒进炒好的牛肉片内，拌匀。8.炒锅内留一半的油，烧热后转小火，将牛肉鸡蛋液倒进炒锅内。9.待蛋液稍凝固后翻动，约半分钟即可出锅。', '/winterimages/img13.png\r', null, '4');
INSERT INTO `wintermenu` VALUES ('14', '粉蒸牛肉', '主料:黄牛肉250克 辅料:葱10克,姜10克,花椒10粒,郫县豆瓣15克,酱油15克,醪糟汁12克,红糖5克,菜籽油25克,大米粉50克', '1.大米炒至微焦，用干磨机打成粗粉；黄牛肉洗净切薄片。2.郫县豆瓣加少许油炒出红油，炒酥的豆瓣铡细。3.姜、葱、花椒铡成细末（可以用搅磨机加少许清水打成浆），大碗内将酱油、豆瓣、葱姜花椒末、红糖、醪糟汁、混合均匀。4.加入牛肉片拌匀，加入生菜籽油拌匀。5.小笼中铺入汆水后的白菜叶，铺上拌匀的牛肉片。6.旺火沸水蒸约2小时，至牛肉粑软。7.吃时加入辣椒粉、蒜泥、香菜碎。', '/winterimages/img14.png\r', null, '4');
INSERT INTO `wintermenu` VALUES ('15', '水煮牛肉', '主料:牛臀肉300克,水150毫升,蛋清20克,淀粉10克 辅料:葱5克,姜8克,蒜4克,盐2克,料酒7克,豆瓣酱40克,食用油5毫升,水淀粉10克,海椒面5克,花椒面5克', '1.葱段，姜丝，蒜末，牛臀肉切片。2.倒入姜丝，葱丝，水，牛臀肉，葱姜水，蛋清、料酒，盐，淀粉抓匀腌制。3.放入食用油，倒入蒜末，郫县豆瓣酱，大火爆香。4.倒入海椒面，翻炒均匀，清水，大火煮沸。5.放入牛臀肉，水淀粉，搅拌均匀。6.加入滚油，花椒面，花椒面，海椒面，倒入蒜末，葱末。', '/winterimages/img15.png\r', null, '4');
INSERT INTO `wintermenu` VALUES ('16', '红烧带鱼', '主料:带鱼1条 辅料:生抽2汤匙,玉米油适量,盐2克,料酒2汤匙,面粉1勺,酱油半茶匙,五香粉适量,胡椒粉适量,味精0.2克,大葱2段,生姜1块', '1.带鱼切段，加入料酒、姜、葱，腌制30分钟。2.腌好的带鱼裹上淀粉，平底锅少油，小火慢煎，煎至金黄干香，盛出备用。3.锅中加蒜粒，干辣椒炒香。4.下入带鱼，1小勺盐、1小勺生抽、小半勺老抽，加水没过带鱼，烧开后加入几粒冰糖，烧开后小火焖5分钟，收汁起锅即可。', '/winterimages/img16.png\r', null, '4');
INSERT INTO `wintermenu` VALUES ('17', '香辣虾', '主料:虾320克,香辣酱30克,洋葱60克,青辣椒两个 辅料:生姜两片蒜,1个食用油,适量盐少量', '1.准备新鲜河虾去虾线、去须，再准备洋葱半个切片、姜末5g、小葱10g切段。\r2.将收拾好的河虾500g倒入碗中，加入淀粉10g搅拌均匀。3.起锅烧油，倒入食用油50ml，放入虾煎至两面金黄。4.另起锅烧油，加入食用油5ml、麻椒5g、干辣椒20g，倒入姜末，大火爆香。5.再加入香辣酱5g翻炒均匀，倒入洋葱翻炒均匀，再倒入虾、小葱、盐2g，翻炒均匀。6.出锅装盘，即可食用。', '/winterimages/img17.png\r', null, '4');
INSERT INTO `wintermenu` VALUES ('18', '羊肉萝卜汤', '主料:羊肉800克,萝卜200克 辅料:青蒜5克,香菜5克,盐5克,白胡椒粉3克,香料（香叶，草果，花椒等）', '1.羊肉去掉筋膜和油脂，切大片，加姜片掉水几分钟。2.白萝卜切成大块备用。\r3.锅中放入羊肉，姜片，料酒，加入少量水烧开，撇去浮沫，小火烧开半小时。\r4.加入白萝卜块，继续炖半个小时左右，出锅前撒少许盐和白胡椒调味即可。', '/winterimages/img18.png\r', null, '4');
INSERT INTO `wintermenu` VALUES ('19', '干锅花菜', '主料:有机花菜500克,去皮五花肉100克,青红椒50克 辅料:麻辣香锅底料30克,盐少许,干辣椒适量,生抽15克,糖10克', '1.锅里宽油烧热，放入花菜，炸一分钟捞出。2.留底油，煸炒五花肉变色。3.放入葱姜蒜干辣椒。4.再放入麻辣香锅辣椒酱。5.放入青红椒。6.最后放入花菜，加剩余调料翻炒即可。\r', '/winterimages/img19.png\r', null, '4');
INSERT INTO `wintermenu` VALUES ('20', '木耳炒豆腐', '主料:豆腐400克,五花肉100克,木耳10克,鸡蛋2个 辅料:杭椒3个,豆瓣酱适量,美人椒2个,生抽适量,老抽适量,白糖少许,葱姜适量,大蒜适量', '1.备好所用食材，一块豆腐，一份牛肉，一把木耳。2.轻奢派不粘锅里加入少许的油，再将豆腐片至锅里。3.煎至豆腐微微有点脆壳状，再划至一边将牛肉丝下锅煸香。4.然后再将泡洗好的木耳入锅。5.加入适量的辣酱生抽白糖调一下味。\r6.再加入清水焖至微要收汁，临出锅前加入适量的香葱芹菜末提个香就好了。', '/winterimages/img20.png\r', null, '4');
INSERT INTO `wintermenu` VALUES ('21', '宫保鸡丁', '主料:黄瓜适量,胡萝卜适量,鸡胸肉300克,花生米适量 辅料:生抽10克,淀粉5克,料酒3克,盐3克,水淀粉5克,食用油5毫升,花椒适量,干辣椒适量,姜末适量', '1.黄瓜、胡萝卜、鸡肉切丁。2.鸡肉用生抽、淀粉腌制15分钟。3.用空碗调汁，放入生抽、料酒、糖、盐、水淀粉搅拌均匀。4.锅中放油，倒入姜末、干辣椒、花椒，倒入鸡肉丁，过油30秒。5.倒入黄瓜丁、胡萝卜丁、调好的汁。6.倒入适量油炸花生米即可出锅。', '/winterimages/img21.png', null, '4');
INSERT INTO `wintermenu` VALUES ('22', '猪肉白菜炖粉丝', '主料:白菜500克,猪肉50克,粉条100克 辅料:小葱1棵,姜1块,干辣椒2个,花生油30克,花椒1克,八角1颗,盐2克,酱油2勺,黄豆酱2勺', '1.白菜洗干净切段。2.猪肉切成薄片，葱姜切好。3.锅中放油烧热后放入肉片翻炒至变色后油分析出。4.加入葱姜、花椒和八角炒出香味。5.倒下黄豆酱快速翻炒两下。6.倒入白菜翻炒均匀。7.倒入酱油炒匀。8.加水并在白菜中间挖一个坑将冲洗干净的粉条放入， 放入干辣椒。9.盖上锅盖，烧开后转小火慢炖至水分将要收干，加盐调味即可。', '/winterimages/img22.png', null, '4');
INSERT INTO `wintermenu` VALUES ('23', '牛肉番茄汤', '主料:牛肉200克,番茄3个,洋葱半个,蒜白1根,姜1块 辅料:盐2茶匙,白糖1汤匙,植物油2汤匙,番茄酱2汤匙,清水4碗', '1.准备好食材，牛肉洗净切片，洋葱切丁，姜切片，葱白切段。2.番茄去皮后切小丁。3.煎烤机加入适量清水，水开后下入牛肉焯水，撇去浮沫，捞出沥干水份备用。4.重新起锅，加入植物油，下姜片爆香。5.下入牛肉翻炒至变色。6.下入洋葱炒软。7.下入番茄丁炒出汁水。8.加入清水，大火煮开。9.盖上盖子，转小火焖煮40分钟。10.加入盐，白糖，番茄酱，葱白，继续加盖煮20分钟。11.煮至汤汁浓稠即可出锅食用。', '/winterimages/img23.png', null, '4');
INSERT INTO `wintermenu` VALUES ('24', '鸽子汤', '主料:乳鸽2只 辅料:红枣5颗,枸杞2汤匙,茶树菇1小把,党参6根,山药5片,黄芪4片,桂圆10颗', '1.肉鸽一只去皮毛。2.开水加姜片，放鸽子。3.煮至变色捞出。4.砂锅加水放鸽子子5.准备红枣、人参、枸杞、姜片。6.配料倒砂锅里。7.小火煮至汤浓即可。', '/winterimages/img24.png', null, '4');
INSERT INTO `wintermenu` VALUES ('25', '土豆烧牛肉', '主料:牛肉200克,姜片2克,土豆块200克,水1升 辅料:豆瓣酱5克,生抽3克,八角1克,草果1个,香叶1,片盐3克', '1.锅中倒入油5ml，葱花下锅爆香。2.倒入牛肉粒300g。3.大火煸炒至变色。4.加入老抽3g、生抽5g、料酒5g、盐3g，再次翻炒。5.倒入适量土豆块，翻炒均匀。6.倒入清水，没过牛肉为准，中火炖40分钟。7.出锅。', '/winterimages/img25.png', null, '4');
INSERT INTO `wintermenu` VALUES ('26', '京酱肉丝', '主料:瘦精猪肉300克 辅料:淀粉10克,水10毫升,食用油8毫升,耗油8克,豆瓣酱5克,盐3克', '1.将猪肉放入碗中，加入淀粉、水，搅匀腌制15分钟。2.锅中放油，加入精瘦猪肉，翻炒。3.加入蚝油、生抽、盐，大火翻炒收汁。4.摆上干豆腐、葱、香菜5.出锅即可食用。\r', '/winterimages/img26.png', null, '4');
INSERT INTO `wintermenu` VALUES ('27', '萝卜牛腩煲', '主料:牛腩800克,白萝卜半根 辅料:姜6片,大蒜2段,料酒适量,老抽1大勺,生抽1大勺,糖少许,葱一根,柱侯酱30毫升', '1.萝卜切块，牛腩切块。2.砂锅放水放生姜片和牛腩中大火炖煮1-2小时，直到牛腩可以被筷子轻易插破，期间撇去血沫。3.煮好的牛腩捞出，锅内放油放香料炒香后下牛腩炒至微变色。4.而后放生抽、老抽、白砂糖、柱侯酱同炒。5.锅内倒入刚刚砂锅煮牛腩的汤水，大火烧开。6.再将锅内的牛腩连同汤水倒回砂锅，放萝卜盖盖子，小火炖煮1小时，直到萝卜变色入味，出锅前放葱段。7.放根香菜，点缀，直接把砂锅端上桌。', '/winterimages/img27.png', null, '4');
INSERT INTO `wintermenu` VALUES ('28', '东坡肉', '五花肉', '蒸煮炒', '/winterimages/1585476273729.png', '3', '4');
INSERT INTO `wintermenu` VALUES ('29', '66', '666', '666', '/winterimages/1585622269215.png', '3', '4');
